author_id,name

0,M0tl3y C1ue

7,7!!

24,24KGoldn

47,Dimrain47

65,Eiffel 65

418,C418

4200,Eduardo Di Capua

8553,Julius Fučík

10345,Johan Halvorsen

10402,W. C. Handy

10420,"Hanon, Charles-Louis"

11864,Javier Jacinto

17653,Michał Kleofas Ogiński

18560,Christian Pezold

19940,Oskar Rieding

22216,Alexander Siloti

22392,Bedřich Smetana

24760,Ángel Gregorio Villoldo

26405,Fritz Kreisler

26409,AJR

26411,Gustav Holst

26416,Johann Sebastian Bach

26453,Ludwig Van Beethoven

26454,Mykola Leontovych

26456,Franz Schubert

26466,Niccolò Paganini

26468,Toby Fox

26493,Maurice Ravel

26495,John Powell

26551,Erik Satie

26552,Lucky Chops

26556,Billy Joel

26559,BTS

26571,Johannes Brahms

26582,Masaru Yokoyama

26605,Joe Hisaishi

26633,Michael Giacchino

26700,Lin-Manuel Miranda

26714,Henry Mancini

26737,Felix Mendelssohn

26752,Lowell Mason

27110,Alan Menken

27255,Edvard Grieg

27495,Taylor Swift

27497,Fkj

27771,Friedrich Burgmüller

28678,John Newton

28724,C. C. Greenwood

29894,Georges Bizet

29978,Richard Wagner

31285,Charles Gounod

31292,Sergei Rachmaninoff

31365,Giuseppe Verdi

31367,Camille Saint-Saëns

31394,Gabriel Fauré

31420,Edward Elgar

31435,Wolfgang Amadeus Mozart

31488,Robert Schumann

31695,Pyotr Ilyich Tchaikovsky

32243,Rebecca Sugar

32472,Claude Debussy

32672,Carl Philipp Emanuel Bach

32722,César Franck

33347,Giuseppe Tartini

33970,Hans Zimmer

33979,Antonín Dvořák

34620,Yoko Shimomura

34628,ALI

34719,Franz Xaver Gruber

34808,Friedrich Kuhlau

34847,Harry Styles

35048,James Pierpont

35114,Evan Call

127962,Westlife

127979,Van Halen

128077,Toto

128106,Simon &amp; Garfunkel

128162,Styx

128226,Scorpions

128251,Sting

128294,Smash Mouth

128339,Red Hot Chili Peppers

128351,The Rolling Stones

128356,Radiohead

128357,Roxette

128368,Queen

128425,Pixies

128442,Pink Floyd

128484,Oasis

128606,Misc Traditional

128607,Misc Television

128608,Misc Praise Songs

128609,Misc Computer Games

128611,Misc

128620,Misc Soundtrack

128634,Misc Christmas

128635,Muse

128644,Metallica

128699,Linkin Park

128792,Journey

128794,Jamiroquai

128932,Genesis

128933,Gazebo

128936,Guns N' Roses

128951,Five For Fighting

129030,Eve

129038,Electric Light Orchestra

129041,Eminem

129049,Eagles

129090,Daft Punk

129134,Depeche Mode

129137,Dr. Dre

129139,The Doors

129149,Disturbed

129166,The Charlie Daniels Band

129259,Coldplay

129286,Boney M.

129325,The Blues Brothers

129333,The Beach Boys

129343,Bee Gees

129358,The Beatles

129367,Backstreet Boys

129396,Aphex Twin

129424,ABBA

129441,The Animals

129443,Aerosmith

129446,AC/DC

129493,Rammstein

129533,The White Stripes

129667,Rufus Wainwright

129729,Enya

129776,Fool's Garden

129848,Cat Stevens

130153,Procol Harum

130197,Eurythmics

130417,Vangelis

130573,Seal

131159,The Byrds

131849,Howard Blake

131900,John Williams

131990,King Harvest

132303,Misc Cartoons

132873,Snow Patrol

133030,The Turtles

133307,My Chemical Romance

133460,Keane

133931,A-ha

134168,Arctic Monkeys

134408,Isaac Albéniz

134546,Ray Charles

134624,Jacques Offenbach

134682,Nino Rota

134720,Sufjan Stevens

134757,David Guetta

134834,Sia

134843,Celine Dion

134878,Louis Armstrong

134887,Gene Autry

134890,Charles Aznavour

134920,Angelo Badalamenti

134940,John Barry

134967,George Benson

134974,Chuck Berry

135016,David Bowie

135042,James Brown

135065,Kate Bush

135106,Michael Bublé

135120,Mariah Carey

135125,Vanessa Carlton

135129,John Carpenter

135148,Johnny Cash

135177,Jay Chou

135207,Joe Cocker

135209,Leonard Cohen

135222,John Coltrane

135319,Neil Diamond

135375,Danny Elfman

135403,Harold Faltermeyer

135408,José Feliciano

135463,Harry And The Potters

135491,Judy Garland

135495,Gloria Gaynor

135498,George Gershwin

135586,Herbie Hancock

135675,James Horner

135676,Bruce Hornsby

135680,Whitney Houston

135684,Tim Hughes

135727,Antônio Carlos Jobim

135732,Elton John

135757,Scott Joplin

135765,The Seatbelts

135771,Yuki Kajiura

135772,Israel Kamakawiwo'ole

135793,Alicia Keys

135799,Ben E. King

135800,Carole King

135815,Joseph Kosma

135870,John Lennon

135882,Jerry Lee Lewis

135891,Franz Liszt

135962,Richard Marx

136006,Sarah McLachlan

136009,Don McLean

136082,Ennio Morricone

136102,Stanley Myers

136112,Willie Nelson

136116,Randy Newman

136131,Monty Norman

136206,Édith Piaf

136226,Elvis Presley

136243,Gerry Rafferty

136258,Matt Redman

136260,Lou Reed

136408,Jean Sibelius

136417,Nina Simone

136421,Frank Sinatra

136457,Fernando Sor

136466,Britney Spears

136518,Francisco Tárrega

136544,Yann Tiersen

136553,Chris Tomlin

136603,Consuelo Velazquez

136619,Antonio Vivaldi

136651,Kanye West

136669,Stevie Wonder

136677,Akira Yamaoka

136721,Bart Howard

136781,John Legend

136819,Panic! At The Disco

137056,Amy Winehouse

137089,JerryC

137597,Akeboshi

137637,Andrea Bocelli

137653,Aram Khachaturian

137663,Astor Piazzolla

137741,Bobby Helms

137766,Bing Crosby

137804,Chick Corea

137826,Clint Mansell

137931,Doris Day

137994,Frédéric Chopin

138027,Francis Lai

138069,Gerardo Matos Rodríguez

138072,Giacomo Puccini

138160,Jack Black

138211,Jules Massenet

138222,Johann Pachelbel

138237,John Philip Sousa

138238,John Stafford Smith

138275,Klaus Badelt

138291,Koji Kondo

138437,Martin O'Donnell

138448,Mikis Theodorakis

138520,Paul Desmond

138722,Sleeping At Last

138778,The Cinematic Orchestra

138802,Toshio Masuda

138887,Vince Guaraldi

139253,Blonde Redhead

139446,Rihanna

139621,Frankie Valli

140007,Yiruma

140040,Bill Evans

140227,Miley Cyrus

140229,OneRepublic

140273,LazyTown

140385,Teresa Teng

140498,Mecano

140714,Coda

141008,Luis Fonsi

141086,Johann Strauss Jr.

141221,Alan Silvestri

141234,Yanni

141333,Sara Bareilles

142022,Zequinha De Abreu

142091,Bo Burnham

142271,Brian Tyler

142470,Jay Ferguson

142505,The Police

142511,Rick Astley

142820,Raúl Di Blasio

142993,Carlos Gardel

143161,Patrick Watson

143588,RADWIMPS

143666,Jonathan Coulton

143673,Hillsong United

143688,Kenny Dorham

143889,Leroy Anderson

144242,Adele

144292,Death Note

144392,Sergei Prokofiev

144456,Marco Beltrami

144602,Estelle

144884,Hoagy Carmichael

144921,The Script

145118,Owl City

145145,Jon Schmidt

145229,Passenger

145281,Harry Gregson-Williams

145282,Lady Gaga

145367,Richard Clayderman

145412,Ludovico Einaudi

145463,Grover Washington Jr.

145670,Idina Menzel

145808,Henry Smith

146143,George Winston

146218,Camille

146405,Vittorio Monti

146781,Lalo Schifrin

147064,Louis Prima

147184,Alexander Rybak

147191,Ikimono-Gakari

147238,Jeremy Soule

147362,Euphemia Allen

148406,Justin Bieber

148829,Andrew Gold

149037,Frank Mills

149464,Jimmie Davis

149970,AURORA

149999,Samuel Barber

150059,Amanda Seyfried

150152,Two Steps From Hell

150228,Yasuharu Takanashi

150429,Bruno Mars

150887,LiSA

150986,Ólafur Arnalds

151022,Steve Jablonsky

151289,Christina Perri

151316,Kevin MacLeod

151797,Christopher Tin

151928,Wiz Khalifa

152037,Ed Sheeran

152772,Agnes Obel

152879,Guang Liang

152952,One Direction

153061,Kaoru Wada

153338,Ghost

153422,Irving Berlin

153516,IU

153695,Mac Miller

153940,Meredith Willson

153951,The Lumineers

154088,Johnny Marks

154107,Robert Lowry

154185,Birdy

154197,Lord Huron

154282,The Weeknd

154349,Cecile Corbel

154953,Rovio

154991,Woodkid

155323,Lana Del Rey

155334,Ramin Djawadi

155379,Al Bowlly

155499,Vladimir Fyodorovich Vavilov

155504,Muzio Clementi

155573,Christian Petzold

155650,Tomaso Albinoni

155689,Avicii

156188,Labrinth

156499,Chet Baker

156759,Laura Shigihara

156761,Lukas Graham

156806,Ryuichi Sakamoto

156896,Ludwig Göransson 

157425,Exo

157528,Haley Reinhart

157774,Imagine Dragons

157958,DJ Okawari

158449,Rachel Platten

158757,Jason Paige

159593,James Arthur

159698,Lee Hi (이하이)

159819,Tom Odell

159854,The Neighbourhood

160076,John Lunn

161048,Dmitri Shostakovich

161417,Lessons - Blues

161420,Lessons - Jazz

161423,Lessons - Scales

161483,Maxx

161566,Paul De Senneville

161658,The Living Tombstone

161722,Al Jarreau

161930,Sam Smith

162566,Toquinho

163144,Hozier

163824,John Frederick Coots

164012,Lauren Daigle

164218,Aimer

164750,Goose House

164754,Indila

164788,Max Richter

165068,Pentatonix

165642,Bobby Timmons

165992,Glass Animals

166387,Shawn Mendes

167061,Red Velvet

167231,The Chainsmokers

167390,AnnenMayKantereit

170457,Música Clásica

170565,Oscar

176446,Roland Orzabal

176487,Timmy Trumpet

177402,Vicetone

177836,Ruth B

178543,Mitski

178782,Hiroyuki Sawano

179801,Calum Scott

179853,Anthony Newley

181177,Fabrizio Paterlini

181472,TK From Ling Tosite Sigure

181766,Alan Walker

181844,TheFatRat

182664,Banners

183250,Pledis Seventeen

184167,Matt Maltese

184177,TWICE

184619,Billie Eilish

184988,Go Shiina

185041,Glenn Miller

185352,SYML

185444,Erroll Garner

185491,Joji

186343,Brian Crain

186394,Jackie Chan

186883,Winter Aid

187064,Eddie Van Der Meer

187114,Hank Levy

187171,Jule Styne

187697,ZUN

188219,Marshmello

188227,BLACKPINK

189452,Daniel Caesar

189965,Evgeny Grinko

190611,Conan Gray

191157,Yuki Hayashi

191195,Lewis Capaldi

192041,Mariya Takeuchi

193059,Joe Garland

193230,Kensuke Ushio

193293,David Lanz

193552,Jimmy McHugh

194011,Pablo De Sarasate

194021,The Dave Brubeck Quartet

194364,Johann Strauss Sr.

196111,Youmi Kimura

196396,Bensound

196413,Dan Salvato

197253,Måneskin

197344,Harry James

197781,Rodgers &amp; Hammerstein

198605,Bo En

199464,Ashe

200102,Miki Matsubara

200164,Juice WRLD

200455,Christopher Larkin

202272,Liana Flores

202319,SHAUN (숀)

203082,The Longest Johns

204140,Noisestorm

204354,Kenshi Yonezu (米津 玄師)

204515,Heize (헤이즈)

205022,Misc Mashups

206724,Wilbur Soot

207012,Rosé (BLACKPINK)

207460,Duncan Laurence

207490,Lil Nas X

207572,Minami (美波)

207978,Hubert Giraud

208842,Vickeblanka (ビッケブランカ)

209350,Wowaka

209488,Sub Urban

213182,Nicholas Britell

214097,Tsujii Nobuyuki

214320,Misc Tunes

214405,Kazumi Totaka

214433,Yasuaki Iwata

214456,Manaka Kataoka

215312,Yugo Kanno

215344,Go Ichinose

215483,Gioacchino Rossini

215649,Arban

215924,Adolphe Adam

216036,Harry Warren

216118,Vic Mizzy

216126,Arturo Marquez

216427,Mahito Yokota

217498,Gareth Coker

217665,Shi Jin

218328,Fonzi M

218334,Brad Breeck

218440,Jun Ishikawa

218441,Shirō Sagisu

218872,"Yokota, Mahito; Minegishi, Toru; Iwata, Yasuaki; Kondo, Koji"

219035,Akito Matsuda

219199,Grant Woolard

220078,Ryo Nagamatsu

220152,Lena Raine

221333,Scott Bradley

221932,Oak Mountain High School

222221,The Champs

222337,Joaquin Rodrigo Vidre

222582,Albert Hague

222755,Kristen Anderson-Lopez &amp; Robert Lopez

222833,Burū Bādo

222859,ClassicMan

223911,Samuel Hazo

224104,The Blasting Company

225843,Olivia Rodrigo

225909,Hidehiro Kawai

226238,REVO

226520,Sheet Music Boss

226689,Sonya Belousova

226713,Pokemon

226808,Congfei Wei

226882,Georg Friedrich Händel

227288,Ron Jones And Butch Hartman

227617,WhiteFlame (Kurousa-P)

227767,Jeremy Zuckerman

229250,Ayase

230066,Atsuko Asahi

230074,PINKFONG

230903,Mrs. GREEN APPLE

231070,Takahiro Obata

231074,Tom Brier

231206,Joep Beving

232184,Ernesto Cortazar

233064,Fujii Kaze

233128,Dario Marianelli

234751,David Arnold

235305,Clarence “Pine Top” Smith

236076,宇多田ヒカル

237188,Alexis Ffrench

241262,"Nam Hye Seung, Park Sang Hee"

241814,Laura Shigahara

242000,Eugen Doga

242216,Nikolay Rimsky-Korsakov

243829,GIOVANNI MARRADI

244520,Akmigone

246519,Yoshiki

246788,Ilmari Hakkola

247305,Maksim Mrvica

248007,Dave Wave

253977,TOMORROW X TOGETHER

255036,Yukio Kondo

255845,SLANDER

256777,Martin Kratochwil

256778,Jonny May

256798,Shinsei Kamattechan

257308,Mac Huff

257690,Dylan Matthew SLANDER

257702,Toshifumi Hinata

258920,Alexander Alexandrov

260671,YOASOBI

260948,BTS Jungkook

261008,Akari Kitou

262068,Tetsurō Oda

262597,Stray Kids (스트레이 키즈)

265031,Yu-Peng Chen

266319,Grand Corps Malade &amp; Camille Lellouche

266934,Yarichin Bitch Club

267208,阿肆

268348,Mitsuharu Fukuyama

269107,George Weiss

270797,TJ Hill

272998,Musical Basics

274554,Dreamworks

274745,Nathan Milstein

276221,盧廣仲

278908,Yu Peng-Chen

279207,Miranda Wong

279324,羽肿 (Yu Zhong)

279663,Julie And The Phantoms Cast

280426,The Pogues

281107,The Kid LAROI

284297,Tomonobu Kikuchi

286292,Leonz

286513,David Brubeck

286819,Pedro Silva

293493,Tobias Lilja

299254,Laufey

302411,SawanoHiroyuki[nZk]:mizuki

302903,DaniwellP

304218,Natalie Holt

309302,Em Beihold

319161,Cyprien Katsaris

324132,Esteban Francisco

325482,GAYLE

328056,BoyWithUke

333749,Jamie Duffy

335267,Ai Higuchi

337820,Cammile

338165,JVKE

352040,Rokudenashi

364872,Stephen Sanchez

366837,Nicky Youre

375932,דנה-יצירה

387017,LSPLASH

393045,Rosa Walton

394620,Oriol Sicilia

394890,Gibran Alcocer

408554, ミラクルミュージカル

410445,Leon Chen

411822,Au Piano.fr

447430,FIFTY FIFTY (피프티피프티)

452182,Paco

