music_id,title,genre
437,Flight of the Bumblebee,Classical
33715,"Sonate No. 14, “Moonlight” 3rd Movement",Classical
33816,Für Elise – Beethoven,Classical
49143,"Piano Sonata No. 11 K. 331 3rd Movement, “Rondo alla Turca”",Classical
49148,"Sonate No. 8, “Pathétique” 2nd Movement",Classical
55352,"Sonate No. 14, “Moonlight” 1st Movement",Classical
55375,"Waltz Opus 64, No. 2 in C♯ Minor",Classical
55396,Arabesque L. 66 No. 1 in E Major,Classical
58553,Clair de Lune – Debussy,Classical
62312,Minuet BWV Anhang 114 in G Major,Classical
64978,Mad world Piano,Rock
65159,Liebestraum S. 541 No. 3 in A♭ Major – Liszt,Classical
65474,Prélude Opus 28 No. 4 in E Minor – Chopin,Classical
66615,Ballade Pour Adeline - Richard Clayderman,Jazz
66615,Ballade Pour Adeline - Richard Clayderman,Pop
77075,"Étude Opus 25 No. 11, “Winter Wind” in A Minor",Classical
77131,Nocturne No. 20 in C♯ Minor,Classical
77457,"Sonata No. 16, 1st Movement K. 545",Classical
105013,Canon in D ( Violin Solo ),Classical
106022,"Étude in G♯ Minor, “La Campanella” S. 141/3",Classical
116486,Bach Cello Suite No. 1 For Violin,Classical
117279,"Prelude I in C major, BWV 846 - Well Tempered Clavier [First Book]",Classical
128179,Beethoven Symphony No. 5 (1st movement) Piano solo,Classical
132879,Fantaisie-Impromptu in C♯ Minor,Classical
145724,Maple Leaf Rag (Scott Joplin),Classical
145724,Maple Leaf Rag (Scott Joplin),Jazz
152043,Attack On Titan Theme (Guren No Yumiya),Soundtrack
162108,The Entertainer - Scott Joplin,Classical
162108,The Entertainer - Scott Joplin,Jazz
166951,Happy Birthday (To You) C Major,Folk
429546,Summer (Joe Hisaishi),Classical
429546,Summer (Joe Hisaishi),Soundtrack
529126,The Entertainer - Scott Joplin - 1902,Classical
529126,The Entertainer - Scott Joplin - 1902,Jazz
557466,Summer - Third movement,Classical
715646,Disney Pixar: Up Theme Piano,Soundtrack
828956,Pachelbel Canon in D (Fast Easy Piano Version) ,Classical
966901,Still Dre - Variation (Composition),Hip Hop
966901,Still Dre - Variation (Composition),Solo
980686,Gymnopédie No.1 | Erik Satie,Classical
1019991,Canon in D,Classical
1026276,Autumn Leaves Jazz Piano,Jazz
1029831,moonlight sonata 3rd movement,Classical
1131706,Waltz of the Flowers,Classical
1156331,"Prélude No. 4 in E Minor, Op. 28 – Frédéric Chopin",Classical
1225766,Pirates Of The Caribbean Medley – Hans Zimmer,Classical
1225766,Pirates Of The Caribbean Medley – Hans Zimmer,Soundtrack
1273736,Waltz No. 2 by Shostakovich,Classical
1327981,Test Drive (How to Train Your Dragon),Classical
1327981,Test Drive (How to Train Your Dragon),Soundtrack
1352796,Undertale - Megalovania [Piano] (ver. 3),Soundtrack
1376056,Canon in D (easy),Classical
1421196,Pirates of the Caribbean - He's a Pirate,Classical
1421196,Pirates of the Caribbean - He's a Pirate,Soundtrack
1460091,Sadness and Sorrow,Soundtrack
1463381,One Summer's Day (Spirited Away),Classical
1463381,One Summer's Day (Spirited Away),Soundtrack
1512901,Married Life – Michael Giacchino,Classical
1512901,Married Life – Michael Giacchino,Soundtrack
1547071,Jingle Bells,Classical
1547071,Jingle Bells,Soundtrack
1686751,Fallen Down (Reprise) - Undertale - Easy,Soundtrack
1694686,Zelda's Lullaby (The Legend of Zelda: Ocarina of Time) - Easy version,Soundtrack
1716371,Fallen Down (Reprise) - Undertale (Piano Solo),Soundtrack
1749181,Waltz in A Minor(Chopin),Classical
1798726,Interstellar-Suite - Hans Zimmer,Classical
1798726,Interstellar-Suite - Hans Zimmer,Soundtrack
1871671,Gravity Falls Opening - Intermediate Piano Solo,Electronic
1871671,Gravity Falls Opening - Intermediate Piano Solo,Soundtrack
1921391,Love Like You Steven Universe,"R&amp;b, Funk &amp; Soul"
1921391,Love Like You Steven Universe,Soundtrack
1993341,Opus 27 No 2 Moonlight Sonata 1st movement,Classical
2086106,Bach: Minuet in G Major (BWV Anh. 114),Classical
2100881,Requiem for a Dream (Easy),Classical
2100881,Requiem for a Dream (Easy),Soundtrack
2163051,"Game of Thrones, Easy piano",Classical
2163051,"Game of Thrones, Easy piano",Soundtrack
2182146,Chopin - Ballade no. 1 in G minor Op. 23,Classical
2221711,Piano Man (Piano),Rock
2232771,Canon in D,Classical
2260706,Disney Pixar's Up - Main Theme,Classical
2260706,Disney Pixar's Up - Main Theme,Soundtrack
2275496,Lacrimosa - Requiem,Classical
2377386,G Minor Bach,Classical
2441471,Wet Hands (Minecraft),Classical
2452631,I Can't Help Falling In Love,Pop
2452631,I Can't Help Falling In Love,Rock
2601926,Super Mario Bros. - Main Theme,Soundtrack
2782256,Carol of the Bells (easy piano),Classical
2782296,A Thousand Years,Soundtrack
2899321,Dance of the sugar plum fairy,Classical
2970876,Kimi no Na wa - Sparkle (Theishter 2016),Rock
3022181,Carol of the Bells,Classical
3042211,Jingle Bell Rock,Rock
3042211,Jingle Bell Rock,Soundtrack
3044996,"Nocturne in E-flat Major, Op. 9, No. 2 (Easy)",Classical
3062416,All I Want For Christmas Is You For Piano,Pop
3192441,ColdPlay- Viva la vida,Pop
3192441,ColdPlay- Viva la vida,Rock
3196536,Let Her Go Passenger,Folk
3291706,River Flows In You,Classical
3291706,River Flows In You,New Age
3324836,Howl's Moving Castle - Main Theme,Classical
3324836,Howl's Moving Castle - Main Theme,Soundtrack
3332996,All Of Me - John Legend (Piano Cover - ReiK),Pop
3332996,All Of Me - John Legend (Piano Cover - ReiK),"R&amp;b, Funk &amp; Soul"
3387831,Mariage d'Amour,Classical
3387831,Mariage d'Amour,Pop
3491126,Adele - Skyfall,Pop
3491126,Adele - Skyfall,"R&amp;b, Funk &amp; Soul"
3493496,Believer - Imagine Dragons,Rock
3556616,Mii Channel (piano),Soundtrack
3569956,Merry Go Round of Life (First Violin),Classical
3569956,Merry Go Round of Life (First Violin),Soundtrack
3579721,Can't Help Falling In Love,Pop
3579721,Can't Help Falling In Love,Rock
3708926,Sign Of The Times - Harry Styles,Pop
3708926,Sign Of The Times - Harry Styles,Rock
3722131,J. S. Bach - Air on the G String (Piano arrangement),Classical
3778271,Canon in D Violin Duet,Classical
3805681,G Minor Bach (Original),Classical
3827366,Shinzou wo Sasageyo!,Soundtrack
3854486,Yiruma - Kiss the Rain - 10th Anniversary Version (Piano),Classical
3896061,Nocturne in C sharp Minor,Classical
4003556,Clocks – Coldplay,Rock
4077861,Theme From Schindler's List - Piano Solo,Classical
4077861,Theme From Schindler's List - Piano Solo,Soundtrack
4114251,Subwoofer Lullaby (Minecraft),Classical
4131536,Gnossienne No. 1,Classical
4197961,Merry-Go-Round of Life: Howl's Moving Castle Piano Tutorial,Classical
4197961,Merry-Go-Round of Life: Howl's Moving Castle Piano Tutorial,Soundtrack
4217351,Hallelujah,Folk
4254241,When I Was Your Man - Bruno Mars,Pop
4267906,Fly Me to the Moon Alto Saxophone / Piano Duet,Jazz
4353731,The Legend of Zelda: Great Fairy Fountain (Piano Cover),Soundtrack
4369656,John Lennon - Imagine,Folk
4369656,John Lennon - Imagine,Rock
4383881,Chopin - Nocturne Op 9 No 2 (E Flat Major),Classical
4410481,All Of Me,Pop
4410481,All Of Me,"R&amp;b, Funk &amp; Soul"
4426976,La Campanella - Grandes Etudes de Paganini No. 3 - Franz Liszt,Classical
4455576,Fly Me to the Moon,Jazz
4497696,The Scientist - Coldplay Piano Arrangement,Rock
4584986,Ave Maria (D839) - Schubert - Solo Piano Arrg.,Classical
4598051,Despacito Piano Sheet Music Luis Fonsi ft Daddy Yankee,Pop
4598051,Despacito Piano Sheet Music Luis Fonsi ft Daddy Yankee,World Music
4634731,Ed Sheeran  - Perfect (Piano Arrangement),Pop
4651056,Perfect - Ed Sheeran,Folk
4680761,Sweden (Minecraft),Classical
4766391,Gymnopédie No. 1 – Satie,Classical
4776321,Hungarian Dance No 5 in G Minor,Classical
4836661,Someone Like You (easy piano),Pop
4836661,Someone Like You (easy piano),"R&amp;b, Funk &amp; Soul"
4844066,Leonard Cohen: Hallelujah,Folk
4845468,Dont Stop Believing Piano,Rock
4880846,The Legend of Zelda Main Theme Easy,Soundtrack
4886992,"""Dawn"" from Pride and Prejudice (2005) Soundtrack",Soundtrack
4913846,Super Mario Bros. : Main Theme,Soundtrack
4921331,My Lie (Watashi no Uso) - Your Lie in April,Soundtrack
4962477,Nothing Else Matters - Metallica,Rock
4982298,River Flows in You - Yiruma - 10th Anniversary Version (Piano),Classical
4982298,River Flows in You - Yiruma - 10th Anniversary Version (Piano),New Age
4992158,Bella Ciao,Folk
4993952,Another Love  - Tom Odell (Professional),Rock
5094199,Flower Dance DJ Okawari,Electronic
5112198,Never Gonna Give You Up,Pop
5128232,Easy Partition Piano Titanic - My Heart Will Go on ,Pop
5185173,Lovely - Billie Eilish (with Khalid),Pop
5207060,Red Swan: Full Version | Attack on Titan Season 3 OP 1 (Piano Solo),Rock
5207060,Red Swan: Full Version | Attack on Titan Season 3 OP 1 (Piano Solo),World Music
5223326,Love Story -Richard Clayderman-,Classical
5223326,Love Story -Richard Clayderman-,Pop
5282628,Happy Birthday To You Piano,Folk
5290059,Ave Maria (Bach/Gounod) for violin and piano,Classical
5344826,Linus and Lucy,Jazz
5360095,You're A Mean One Mr. Grinch (jazz virtuoso piano arr.),Jazz
5369968,Clair de lune - Claude Debussy,Classical
5418894,Fur Elise (Easy Piano),Classical
5435873,Merry Go Round of Life (Howl's Moving Castle),Classical
5435873,Merry Go Round of Life (Howl's Moving Castle),Soundtrack
5444126,Someone You Loved,Pop
5522509,Bach Toccata and Fugue in D Minor (Piano solo),Classical
5542297,Someone You Loved | Lewis Capaldi,Pop
5582243,"Solo Violin Caprice No. 24 in A Minor - N. Paganini, Op. 1, No. 24",Classical
5604401,TANGO: POR UNA CABEZA,Solo
5604401,TANGO: POR UNA CABEZA,World Music
5616440,Richard Clayderman - Mariage d'amour  '' Spring Waltz'',Classical
5619808,Passacaglia,Classical
5653788,"Chopin - Nocturne No. 20 in C Sharp Minor, Op. posth",Classical
5766205,Gurenge -Demon Slayer: Kimetsu no Yaiba OP-,Pop
5766205,Gurenge -Demon Slayer: Kimetsu no Yaiba OP-,Rock
5879028,[Easy] Gurenge - LiSA (Kimetsu no Yaiba/Demon Slayer OP),Pop
5879028,[Easy] Gurenge - LiSA (Kimetsu no Yaiba/Demon Slayer OP),Rock
5889760,Passacaglia – Handel/Halvorsen,Classical
5903735,Ylang Ylang - FKJ  Transcribed by LilRoo,Jazz
5913839,Fly me to the Moon,Jazz
5920093,Howls Moving Castle (Solo Piano),Classical
5920093,Howls Moving Castle (Solo Piano),Soundtrack
5926837,Your Song - Elton John - Easy Piano,Folk
5926837,Your Song - Elton John - Easy Piano,Rock
5949862,Pirates of the Caribbean,Classical
5949862,Pirates of the Caribbean,Soundtrack
5964065,Swan Lake Theme - Tchaikovsky,Classical
5980505,Wellerman - arr. The Longest Johns,Folk
5980505,Wellerman - arr. The Longest Johns,Pop
6106322,Bella Ciao - La Casa de Papel,Folk
6134810,Happy Birthday Song in Jazz ｜Arr. By Jonny May,Classical
6340178,Greensleeves for Piano (easy and beautiful),Folk
6436065,Sia - Snowman,"R&amp;b, Funk &amp; Soul"
6436065,Sia - Snowman,Solo
6530919,Omori - Duet (Spoilers),Soundtrack
6550228,Olivia Rodrigo - drivers license,Pop
6605114,Experience,Classical
6636450,Another Love by Tom Odell,Pop
6666680,Cornfield chase from Interstellar  - Hans Zimme,Soundtrack
6841317,Chiquitita – ABBA Ending,Pop
7056120,Easy on me - Adele,Pop
7056120,Easy on me - Adele,"R&amp;b, Funk &amp; Soul"
7065357,Easy On Me – Adele,Pop
7065357,Easy On Me – Adele,"R&amp;b, Funk &amp; Soul"
7347764,We Don't Talk About Bruno – Lin-Manuel Miranda,Classical
7347764,We Don't Talk About Bruno – Lin-Manuel Miranda,Hip Hop
7822463,"Comptine d'un autre été, l'après-midi – Yann Tiersen Comptine d'un autre été: L'après-midi - Yann Tiersen",Soundtrack
7835876,Solas –  Jamie Duffy,Classical
8457389,Golden hour – JVKE,Experimental
8457389,Golden hour – JVKE,Pop
