music_id,title,genre

33715,"Sonate No. 14, “Moonlight” 3rd Movement",Classical

33816,Für Elise – Beethoven,Classical

55352,"Sonate No. 14, “Moonlight” 1st Movement",Classical

58553,Clair de Lune – Debussy,Classical

1019991,Canon in D,Classical

1352796,Undertale - Megalovania [Piano] (ver. 3),Soundtrack

1421196,Pirates of the Caribbean - He's a Pirate,Classical

1421196,Pirates of the Caribbean - He's a Pirate,Soundtrack

1463381,One Summer's Day (Spirited Away),Classical

1463381,One Summer's Day (Spirited Away),Soundtrack

1749181,Waltz in A Minor(Chopin),Classical

3022181,Carol of the Bells,Classical

3291706,River Flows In You,Classical

3291706,River Flows In You,New Age

4197961,Merry-Go-Round of Life: Howl's Moving Castle Piano Tutorial,Classical

4197961,Merry-Go-Round of Life: Howl's Moving Castle Piano Tutorial,Soundtrack

4217351,Hallelujah,Folk

4383881,Chopin - Nocturne Op 9 No 2 (E Flat Major),Classical

4680761,Sweden (Minecraft),Classical

4766391,Gymnopédie No. 1 – Satie,Classical

4993952,Another Love  - Tom Odell (Professional),Rock

5619808,Passacaglia,Classical

5682727,Je Te Laisserai Des Mots - Patrick Watson,Folk

5682727,Je Te Laisserai Des Mots - Patrick Watson,Rock

