original_author,original_title,music_id

0,H0me Sw33t H0me,5467064

7,Orange,2497626

24,Mood,6350578

47,At The Speed Of Light,5289334

65,Blue Da Ba Dee,1218841

418,Alpha,5799378

418,Aria Math,5684364

418,Danny,5537228

418,Dry Hands,2839501

418,Haggstrom (from Minecraft),4881673

418,Living Mice,5058536

418,Mice On Venus,5165336

418,Minecraft,5324719

418,Minecraft Vol. Alpha,5179108

418,Subwoofer Lullaby,4114251

418,Sweden,163968

418,Sweden,4680761

418,Wet Hands (from Minecraft),2441471

4200,'O Sole Mio,1964861

8553,"Einzug Der Gladiatoren, Op.68",1243801

10345,Passacaglia,5939854

10345,Passacaglia For Violin And Viola,5619808

10345,"Suite No. 7, G Minor, HWV 432",5889760

10402,St. Louis Blues,5482857

10420,The Virtuoso Pianist,816451

10420,The Virtuoso Pianist,1920636

11864,Trio Quasi Una Tarantella Napoletana,2773451

17653,Polonaise 'Pożegnanie Ojczyzny',6392827

18560,"Minuet In G Minor, BWV Anh.115",62646

19940,"Violin Concerto No.2, Op.35",1750271

22216,Prelude In B Minor,4731076

22392,"Vltava, JB 1:112/2",6536604

24760,El Choclo,5004571

26405,3 Old Viennese Dances,1131666

26409,BANG!,5968794

26409,Burn The House Down,5739786

26409,World's Smallest Violin,6709439

26411,"The Planets, Op.32",5063369

26411,"The Planets, Op.32",5271023

26416,"""G Minor""",6092548

26416,"3 Minuets, BWV 841-843",3805681

26416,"6 Cello Suites, BWV 1007-1012",1799266

26416,"Air 'on The G String', Orchestral Suite No. 3 In D Major, BWV 1068",166259

26416,"Air 'on The G String', Orchestral Suite No. 3 In D Major, BWV 1068",891176

26416,"Air 'on The G String', Orchestral Suite No. 3 In D Major, BWV 1068",3722131

26416,"Air 'on The G String', Orchestral Suite No. 3 In D Major, BWV 1068",4818780

26416,BWV 147,6363642

26416,Cello Suite No 1 - Prelude,5602522

26416,"Cello Suite No.1 In G Major, BWV 1007",60578

26416,"Cello Suite No.1 In G Major, BWV 1007",89127

26416,"Cello Suite No.1 In G Major, BWV 1007",116486

26416,"Cello Suite No.1 In G Major, BWV 1007",839546

26416,"Cello Suite No.1 In G Major, BWV 1007",1640691

26416,"Cello Suite No.1 In G Major, BWV 1007",2184946

26416,"Cello Suite No.1 In G Major, BWV 1007",2226041

26416,"Cello Suite No.1 In G Major, BWV 1007",5143903

26416,"Concerto In D Minor, BWV 974",53267

26416,"Concerto In D Minor, BWV 974",5444619

26416,Double Violin Concerto In D Minor,5111068

26416,"Du Friedefürst, Herr Jesu Christ, BWV 116",2086216

26416,"Fugue In G Minor, BWV 578",633296

26416,"Fugue In G Minor, BWV 578",3826491

26416,"Goldberg-Variationen, BWV 988",48072

26416,"Ich Steh Mit Einem Fuß Im Grabe, BWV 156",161957

26416,"Invention In A Minor, BWV 784",4120661

26416,"Invention In D Minor, BWV 775",5378005

26416,"Jesu, Joy Of Man's Desiring",6627083

26416,Jesus Alegria Dos Homens ,4098231

26416,"Minuet In G Major, BWV Anh.114",62312

26416,"Minuet In G Major, BWV Anh.114",2086106

26416,"Musette In D Major, BWV Anh.126",2086211

26416,Orchestral Suite No 2 In B Minor Bwv 1067 - Badinerie,205736

26416,"Orchestral Suite No.2 In B Minor, BWV 1067",4980566

26416,"Orchestral Suite No.2 In B Minor, BWV 1067, No. 7 Badinerie",698281

26416,"Orchestral Suite No.3 In D Major, BWV 1068",33718

26416,"Organ Sonata No.4 In E Minor, BWV 528",6390452

26416,"Prelude And Fugue In C Major, BWV 547",1263241

26416,"Prelude And Fugue In C Major, BWV 846",161981

26416,"Prelude And Fugue In C Major, BWV 846",210606

26416,"Prelude And Fugue In C Major, BWV 846",4609406

26416,"Prelude And Fugue In C Minor, BWV 847",227966

26416,"Prelude And Fugue In C Minor, BWV 847",231261

26416,"Prelude And Fugue In C Minor, BWV 847",1906516

26416,"Prelude And Fugue In C Minor, BWV 847",2377386

26416,"Prelude In C Minor, BWV 999",4526

26416,"Prelude No. 2 In C Minor (BWV 846) (from The ""Well-Tempered Clavier""; [1st Book])",117279

26416,Prélude - Cello Suite No.1 In G Major,2652266

26416,"Suite In E Minor, BWV 996",4041

26416,"Toccata And Fugue In D Minor, BWV 565",55680

26416,"Toccata And Fugue In D Minor, BWV 565",5522509

26416,"Violin Partita No.2 In D Minor, BWV 1004",5495876

26416,"Violin Partita No.3 In E Major, BWV 1006",5654326

26416,"Violin Sonata No.1 In G Minor, BWV 1001",5549919

26416,"Was Mir Behagt, Ist Nur Die Muntre Jagd, BWV 208",3129121

26453,"2 Sonatinas For Piano, Anh.5",1451611

26453,"6 Minuets, WoO 10",5286801

26453,"6 Minuets, WoO 10",5422442

26453,Bethoveen Virus ,39881

26453,"Die Ruinen Von Athen, Op.113",760916

26453,"Für Elise, WoO 59",33816

26453,"Für Elise, WoO 59",1482661

26453,"Für Elise, WoO 59",2478446

26453,"Für Elise, WoO 59",4053926

26453,"Für Elise, WoO 59",5281944

26453,"Für Elise, WoO 59",5363445

26453,"Für Elise, WoO 59",5418894

26453,"Für Elise, WoO 59",6007087

26453,"Für Elise, WoO 59",6274321

26453,"Für Elise, WoO 59",6960508

26453,Ode To Joy,182061

26453,Ode To Joy,2271746

26453,"Piano Sonata No.14, Op.27 No.2",33715

26453,"Piano Sonata No.14, Op.27 No.2",49144

26453,"Piano Sonata No.14, Op.27 No.2",55352

26453,"Piano Sonata No.14, Op.27 No.2",155388

26453,"Piano Sonata No.14, Op.27 No.2",880516

26453,"Piano Sonata No.14, Op.27 No.2",1029831

26453,"Piano Sonata No.14, Op.27 No.2",1993341

26453,"Piano Sonata No.14, Op.27 No.2",2025321

26453,"Piano Sonata No.14, Op.27 No.2",5149814

26453,"Piano Sonata No.14, Op.27 No.2",5309434

26453,"Piano Sonata No.14, Op.27 No.2",5421848

26453,"Piano Sonata No.14, Op.27 No.2",5585485

26453,"Piano Sonata No.14, Op.27 No.2",5626667

26453,"Piano Sonata No.14, Op.27 No.2",6672277

26453,"Piano Sonata No.14, Op.27 No.2",6941332

26453,"Piano Sonata No.17, Op.31 No.2",49217

26453,"Piano Sonata No.17, Op.31 No.2",5541886

26453,"Piano Sonata No.21, Op.53",72613

26453,"Piano Sonata No.23, Op.57",81183

26453,"Piano Sonata No.8, Op.13",49148

26453,"Piano Sonata No.8, Op.13",54474

26453,"Piano Sonata No.8, Op.13",61042

26453,"Piano Sonata No.8, Op.13",102248

26453,"Piano Sonata No.8, Op.13",863271

26453,"Piano Sonata No.8, Op.13",6187402

26453,"Rondo A Capriccio, Op.129",201476

26453,"Symphony No.5, Op.67",128179

26453,"Symphony No.5, Op.67",1780551

26453,"Symphony No.5, Op.67",5046681

26453,"Symphony No.5, Op.67",5958295

26453,"Symphony No.7, Op.92",296446

26453,"Symphony No.9, Op.125",2399196

26453,"Symphony No.9, Op.125",5470730

26453,"Symphony No.9, Op.125",5655850

26453,"Symphony No.9, Op.125",5733014

26453,"Violin Sonata No.9, Op.47",2855611

26454,Carol Of The Bells,542551

26454,Carol Of The Bells,1465766

26454,Carol Of The Bells,1502981

26454,Carol Of The Bells,2774966

26454,Carol Of The Bells,2782256

26454,Carol Of The Bells,3022181

26454,Carol Of The Bells,4513691

26454,Carol Of The Bells,4866688

26456,"4 Impromptus, D.899",288811

26456,"4 Impromptus, D.899",5535580

26456,"4 Impromptus, D.899",5687387

26456,"Ave Maria, D.839",756526

26456,"Ave Maria, D.839",2826966

26456,"Ave Maria, D.839",3471446

26456,"Ave Maria, D.839",4584986

26456,"Ave Maria, D.839",5588586

26456,"Moments Musicaux, D.780",4801031

26456,"Schwanengesang, D.957",3252906

26456,Serenade,4907304

26456,"Ständchen, D.889",1633771

26456,"Waltz In B Minor, Op. 18",5375226

26466,"24 Caprices For Solo Violin, Op.1",92367

26466,"24 Caprices For Solo Violin, Op.1",5370204

26466,"24 Caprices For Solo Violin, Op.1",5582243

26466,La Campanella,5316979

26466,Paganini's Camprice No. 24 (Piano Edition),4559691

26468,Attack Of The Killer Queen,7021628

26468,BIG SHOT,7020425

26468,Battle Against A True Hero,1558591

26468,Bergentrückung/Asgore,2158896

26468,Bonetrousle,1285421

26468,Bonetrousle,1585776

26468,Death By Glamour,1382316

26468,Death By Glamour,4991584

26468,Fallen Down,1686751

26468,Fallen Down,1716371

26468,Fallen Down (Reprise),1936156

26468,Heartache,1301546

26468,His Theme,2291201

26468,Home,1580041

26468,Hopes And Dreams,1291731

26468,It's Raining Somewhere Else,5331497

26468,Lancer's Theme,5292600

26468,Megalovania,1352796

26468,Megalovania,1439901

26468,Megalovania,1660916

26468,Megalovania,1870176

26468,Megalovania,2207011

26468,Megalovania,2221661

26468,Megalovania,2665176

26468,Megalovania,2925516

26468,Megalovania,6180529

26468,My Castle Town,7017953

26468,Once Upon A Time,1407296

26468,Rude Buster,5294331

26468,Spider Dance,1342436

26468,Spider Dance,4793799

26468,THE WORLD REVOLVING,5334454

26468,The Legend,5296020

26468,Undertale,1321576

26468,Undertale,1429131

26468,Undertale,2075346

26468,Undertale,2119261

26468,Undertale-Ruins,3113556

26493,Bolero,2051921

26493,Miroirs,5171003

26493,Pavane Pour Une Infante Défunte,4810274

26495,How To Train Your Dragon,759996

26495,How To Train Your Dragon,5671499

26495,Romantic Flight,1694681

26495,Test Drive,1327981

26551,3 Gymnopédies,980686

26551,3 Gymnopédies,2904571

26551,3 Gymnopédies,4766391

26551,3 Gymnopédies,5177752

26551,3 Gymnopédies,5268304

26551,Gnossienne No.1,5179301

26551,Gnossiennes,4131536

26551,Gnossiennes,4422586

26551,Je Te Veux,6329238

26552,Coco,1665831

26556,Just The Way You Are,6222185

26556,New York State Of Mind,6268159

26556,Piano Man,2221711

26556,Piano Man,3789281

26556,Piano Man,4543626

26556,Piano Man,4650781

26556,Piano Man,5186176

26556,Piano Man,5923720

26556,Vienna,5667313

26559,Black Swan,5935427

26559,Blue &amp; Grey,6463774

26559,Dynamite,6305190

26559,Euphoria,5056047

26559,Fake Love,5109166

26559,Film Out,6696196

26559,I Need U,1732376

26559,I Need U,4833851

26559,Life Goes On,6460260

26559,Mikrokosmos 소우주,5567214

26559,Sweet Night OST (Itaewon Class),6021655

26559,The Truth Untold (Feat. Steve Aoki),5109588

26571,"16 Waltzes, Op.39",675591

26571,"21 Hungarian Dances (Orchestra), WoO 1",4890545

26571,"21 Hungarian Dances (Piano), WoO 1",4776321

26571,"21 Hungarian Dances, WoO 1",48720

26571,"6 Klavierstücke, Op.118",3378576

26571,Hungarian Dance N°5 In F# Minor For 4 Hands,379836

26582,Again,3266761

26582,My Lie (Watashi No Uso) - Your Lie In April,4921331

26605,"A Journey (From ""The Wind Rises"")",6224057

26605,Howl's Moving Castle,729506

26605,Howl's Moving Castle,1499516

26605,Howl's Moving Castle,3324836

26605,Howl's Moving Castle,3569956

26605,Howl's Moving Castle,4854023

26605,Howl's Moving Castle,5193537

26605,Howl's Moving Castle,5903275

26605,Howl's Moving Castle,5920093

26605,Inochi No Namae,5038709

26605,Merry-Go-Round Of Life,895466

26605,Merry-Go-Round Of Life,2573671

26605,Merry-Go-Round Of Life,2992146

26605,Merry-Go-Round Of Life,3696376

26605,Merry-Go-Round Of Life,4174521

26605,Merry-Go-Round Of Life,4186291

26605,Merry-Go-Round Of Life,4197961

26605,Merry-Go-Round Of Life,4982412

26605,Merry-Go-Round Of Life,5027545

26605,Merry-Go-Round Of Life,5143927

26605,Merry-Go-Round Of Life,5188169

26605,Merry-Go-Round Of Life,5435873

26605,Merry-Go-Round Of Life,6123819

26605,Merry-Go-Round Of Life,6282670

26605,Merry-Go-Round Of Life,6301753

26605,Merry-Go-Round Of Life,6354563

26605,Merry-Go-Round Of Life,6384400

26605,Merry-Go-Round Of Life,6601793

26605,Nostalgia,6098854

26605,One Summer's Day,1463381

26605,One Summer's Day,2212086

26605,One Summer's Day,5336314

26605,One Summer's Day,5870660

26605,Sixth Station,5753705

26605,Summer,429546

26605,Summer,5523925

26605,The Name Of Life,1367751

26605,The Name Of Life,6206415

26633,Inside Out - Main Theme,968646

26633,Married Life,1512901

26633,Married Life,3537686

26633,Up Main Theme,715646

26633,Up Main Theme,2260706

26633,Up Main Theme,6653233

26700,How Far I'll Go,2984271

26700,How Far I'll Go,3480721

26700,Surface Pressure (from Encanto),7372826

26700,We Don't Talk About Bruno,7347764

26700,We Don't Talk About Bruno,7357025

26700,We Don't Talk About Bruno,7388483

26714,Moon River,4814391

26714,Moon River,4857783

26714,Moon River,4874701

26714,Moon River,4883347

26714,Moon River,5642503

26714,Moon River,6055555

26714,The Pink Panther Theme,2773171

26737,"A Midsummer Night's Dream, Incidental Music, Op.61",1650841

26737,"A Midsummer Night's Dream, Incidental Music, Op.61",2362651

26737,"Hark, The Herald Angels Sing",5136919

26737,Mendelssohn Violin Concerto In E Minor Op. 64,6046205

26752,Joy To The World,4801925

27110,A Whole New World,3755466

27110,A Whole New World,5183742

27110,A Whole New World,6547086

27110,Beauty And The Beast,4048326

27110,Beauty And The Beast,6662904

27110,Beauty And The Beast,6676854

27110,Colors Of The Wind,6630648

27110,Friend Like Me,6771810

27110,I See The Light (from Disney's Tangled),1036236

27110,I See The Light (from Disney's Tangled),5108847

27110,Prologue,5650521

27110,Under The Sea (from The Little Mermaid),4392496

27255,In The Hall Of The Mountain King,49154

27255,In The Hall Of The Mountain King,2402031

27255,In The Hall Of The Mountain King,4836471

27255,In The Hall Of The Mountain King,5636285

27255,"Peer Gynt Suite No.2, Op.46",748011

27255,"Peer Gynt Suite No.2, Op.46",4905420

27495,Cardigan,6573123

27497,Ylang Ylang,5903735

27497,Ylang Ylang,6300850

27771,"25 Études Faciles Et Progressives, Op.100",550601

27771,"25 Études Faciles Et Progressives, Op.100",5849868

28678,Amazing Grace,1937

28724,Adjective Song,1525331

29894,Carmen,440201

29894,Carmen,2265906

29978,"Lohengrin, WWV 75",3582936

31285,Ave Maria ,5290059

31292,"10 Preludes, Op.23",105343

31292,"10 Preludes, Op.23",1194906

31292,"14 Romances, Op.34",5398515

31292,"Morceaux De Fantaisie, Op.3",112955

31292,"Morceaux De Fantaisie, Op.3",2008481

31292,"Morceaux De Fantaisie, Op.3",2101171

31292,"Morceaux De Fantaisie, Op.3",6177451

31292,"Piano Concerto No.2, Op.18",5105405

31292,"Piano Concerto No.2, Op.18",5914051

31292,"Piano Concerto No.2, Op.18",6078161

31292,"Rhapsody On A Theme Of Paganini, Op.43",5592161

31365,Nabucco,5077553

31365,Rigoletto,650911

31367,"Danse Macabre, Op.40",90702

31367,"Danse Macabre, Op.40",500596

31367,"Danse Macabre, Op.40",5272414

31367,"Introduction Et Rondo Capriccioso, Op.28",3613411

31367,Le Carnaval Des Animaux,3140586

31367,Le Carnaval Des Animaux,4901201

31367,Le Carnaval Des Animaux,5596771

31394,"Pavane, Op.50",78674

31394,Sicilienne,6373067

31420,"Salut D'amour, Op.12",2550651

31420,"Salut D'amour, Op.12",4461921

31420,"Salut D'amour, Op.12",4974773

31420,"Salut D'amour, Op.12",6289291

31435,"12 Variations On ""Ah, Vous Dirai-je Maman"", K.265/300e",245746

31435,"12 Variations On ""Ah, Vous Dirai-je Maman"", K.265/300e",3198331

31435,"Ave Verum Corpus, K.618",1140891

31435,"Die Zauberflöte, K.620",1880946

31435,"Die Zauberflöte, K.620",4117286

31435,"Eine Kleine Nachtmusik, K.525",1091781

31435,"Eine Kleine Nachtmusik, K.525",2379221

31435,"Eine Kleine Nachtmusik, K.525",5452340

31435,"Fantasia In D Minor, K.397/385g",2633711

31435,"March In C Major, K.214",5487976

31435,"Minuet In F Major, K.2",58882

31435,"Piano Concerto No.23 In A Major, K.488",3815826

31435,"Piano Sonata No. 11, K. 331 (Turkish March)",54431

31435,"Piano Sonata No. 11, K. 331 (Turkish March)",142975

31435,"Piano Sonata No. 11, K. 331 (Turkish March)",180473

31435,"Piano Sonata No. 11, K. 331 (Turkish March)",3632791

31435,"Piano Sonata No. 11, K. 331 (Turkish March)",3716956

31435,"Piano Sonata No. 11, K. 331 (Turkish March)",4990889

31435,"Piano Sonata No. 11, K. 331 (Turkish March)",5439790

31435,"Piano Sonata No. 11, K. 331 (Turkish March)",5536189

31435,"Piano Sonata No. 11, K. 331 (Turkish March)",6670038

31435,"Piano Sonata No.11 In A Major, K.331/300i",49143

31435,"Piano Sonata No.16 In C Major, K.545",539

31435,"Piano Sonata No.16 In C Major, K.545",74298

31435,"Piano Sonata No.16 In C Major, K.545",77457

31435,"Piano Sonata No.16 In C Major, K.545",4474306

31435,"Piano Sonata No.16 In C Major, K.545",5653854

31435,"Requiem In D Minor, K.626",1913

31435,"Requiem In D Minor, K.626",2129591

31435,"Requiem In D Minor, K.626",2275496

31435,"Requiem In D Minor, K.626",5837604

31435,Sonata No 16 In C Major K. 545,2984906

31435,"Symphony No.40 In G Minor, K.550",1470191

31435,"Symphony No.40 In G Minor, K.550",3291171

31435,"Symphony No.40 In G Minor, K.550",6185476

31435,Twinkle Twinkle Little Star,5520652

31488,"Kinderszenen, Op.15",216956

31488,"Kinderszenen, Op.15",4778176

31488,"Kinderszenen, Op.15",5367341

31488,"Kinderszenen, Op.15",5902660

31695,"1812 Overture, Op.49",4145221

31695,Dance Of The Sugar Plum Fairy,6095109

31695,"Piano Concerto No.1, Op.23",3158561

31695,"Piano Concerto No.1, Op.23",4997485

31695,"Piano Concerto No.1, Op.23",5871238

31695,"Swan Lake (ballet), Op.20",4450806

31695,"Swan Lake (ballet), Op.20",4811958

31695,"Swan Lake (ballet), Op.20",5051761

31695,"Swan Lake (ballet), Op.20",5190964

31695,"Swan Lake (ballet), Op.20",5964065

31695,"Swan Lake (suite), Op.20a",5435987

31695,"Swan Lake (suite), Op.20a",5644351

31695,"The Nutcracker (ballet), Op.71",151348

31695,"The Nutcracker (ballet), Op.71",1131706

31695,"The Nutcracker (ballet), Op.71",1460071

31695,"The Nutcracker (ballet), Op.71",1635221

31695,"The Nutcracker (ballet), Op.71",2899321

31695,"The Nutcracker (ballet), Op.71",4826725

31695,"The Nutcracker (ballet), Op.71",5131763

31695,"The Nutcracker (ballet), Op.71",5307493

31695,"The Nutcracker (ballet), Op.71",5308975

31695,"The Nutcracker (ballet), Op.71",5590901

31695,The Seasons No 6 - June Barcarolle,3057501

31695,"The Seasons, Op.37a",5333841

31695,"The Sleeping Beauty (ballet), Op.66",3991421

31695,"The Sleeping Beauty (ballet), Op.66",5244260

31695,Trepak,3229306

31695,"Violin Concerto, Op.35",5615868

31695,Waltz Of The Flowers,6023534

32243,"It's Over, Isn't It?",2912321

32243,Love Like You,1921391

32472,2 Arabesques,55396

32472,2 Arabesques,4788704

32472,2 Arabesques,5077352

32472,Ariettes Oubliées,5999678

32472,Clair De Lune,58553

32472,Clair De Lune,5933450

32472,Clair De Lune,6253695

32472,La Fille Aux Cheveux De Lin,5125937

32472,Rêverie,2749626

32472,Rêverie,4157506

32472,Suite Bergamasque,5065614

32472,Suite Bergamasque,5200517

32472,Suite Bergamasque,5369968

32472,Suite Bergamasque,5382356

32672,"Solfeggio In C Minor, H.220",2782101

32722,"Mass, Op.12, No.5 (Panis Angelicus) ",2207681

33347,The Devil's Trill Sonata,5320866

33970,Cornfield Chase,6666680

33970,Cornfield Chase,7564499

33970,Davy Jones,1078466

33970,First Step,1307356

33970,First Step,1454091

33970,He's A Pirate,1225766

33970,He's A Pirate,1421196

33970,He's A Pirate,1981941

33970,He's A Pirate,3992921

33970,Honor Him/Now We Are Free (from Gladiator),559806

33970,Interstellar,1798726

33970,Interstellar,6877230

33970,Pirates Of The Caribbean,1328576

33970,Pirates Of The Caribbean,1980426

33970,Pirates Of The Caribbean,5154106

33970,Pirates Of The Caribbean,5949862

33970,Pirates Of The Caribbean,6218956

33970,Pirates Of The Caribbean,6290166

33979,"8 Humoresques, Op.101",5100762

33979,"8 Humoresques, Op.101",5513326

34620,Dearly Beloved,2014001

34628,"Wild Side, Beastars Opening ",5815328

34719,"Stille Nacht, Heilige Nacht, H.145",1078446

34719,"Stille Nacht, Heilige Nacht, H.145",3123436

34719,"Stille Nacht, Heilige Nacht, H.145",5173190

34719,"Stille Nacht, Heilige Nacht, H.145",5247455

34719,"Stille Nacht, Heilige Nacht, H.145",5863192

34719,"Stille Nacht, Heilige Nacht, H.145",5898928

34808,"Piano Sonatina In C Major, Op.20 No.1",167583

34847,As It Was,7867676

34847,Falling,5898202

34847,Sign Of The Times,3708926

35048,Jingle Bells,1547071

35048,Jingle Bells,3953221

35048,Jingle Bells,4841156

35048,Jingle Bells,4893620

35048,Jingle Bells,5157940

35048,Jingle Bells,5260233

35048,Jingle Bells,5351473

35048,Jingle Bells,5678811

35048,Jingle Bells,6356239

35114,Across The Violet Sky,5916802

35114,Sincerely,5274100

127962,Beautiful In White,833771

127962,Beautiful In White,6361034

127979,Jump,2581141

128077,Africa,2878086

128077,Africa,3589006

128077,Africa,6381291

128106,Bridge Over Troubled Water,5008430

128106,Bridge Over Troubled Water,5021653

128106,Bridge Over Troubled Water,6433867

128106,Scarborough Fair,3173891

128106,The Sound Of Silence,162083

128106,The Sound Of Silence,3197151

128106,The Sound Of Silence,4263826

128106,The Sound Of Silence,6412917

128162,Come Sail Away,2309776

128226,Wind Of Change,5915832

128251,Shape Of My Heart,6259320

128251,Shape Of My Heart,6699826

128251,What Could Have Been,7152777

128294,All Star,2590566

128339,Californication,4962397

128351,Paint It Black,4884914

128356,Creep,6769091

128357,Listen To Your Heart,4406316

128368,Bohemian Rhapsody,7944176

128368,Don't Stop Me Now,7724567

128368,We Are The Champions,6593161

128425,Where Is My Mind?,2910246

128425,Where Is My Mind?,5963738

128442,Comfortably Numb,5942075

128442,The Great Gig In The Sky,1497326

128442,The Great Gig In The Sky,5634303

128442,Wish You Were Here,5585661

128442,Wish You Were Here,6450070

128484,Wonderwall,5152174

128606,Auld Lang Syne,4512

128606,Bella Ciao,3770341

128606,Bella Ciao,4992158

128606,Bella Ciao,5410781

128606,Bella Ciao,6065236

128606,Bella Ciao,6106322

128606,Boogie Woogie,3049456

128606,Boogie Woogie,4766136

128606,Boogie Woogie,4833083

128606,Danny Boy,118124

128606,Danny Boy,6380432

128606,Drunken Sailor,879191

128606,El Condor Pasa,2209826

128606,El Condor Pasa,4845384

128606,God Save The Queen,3626661

128606,Greensleeves,66614

128606,Greensleeves,1550861

128606,Greensleeves,2603136

128606,Greensleeves,6340178

128606,Happy Birthday To You,166951

128606,Happy Birthday To You,1562651

128606,Happy Birthday To You,2451071

128606,Happy Birthday To You,2943256

128606,Happy Birthday To You,3285041

128606,Happy Birthday To You,4929172

128606,Happy Birthday To You,5282628

128606,Happy Birthday To You,5847891

128606,Happy Birthday To You,6303440

128606,Persian Folk Song - Jane Maryam,5672113

128606,Spanish Romance,65792

128606,Spanish Romance,5254985

128606,You Are My Sunshine,3028766

128606,Катюша,101958

128606,Катюша,3833481

128607,Curb Your Enthusiasm Theme,6021611

128607,Curb Your Enthusiasm Theme,6036609

128607,Good Omens - Main Theme,5607410

128607,Sherlock - The Game Is On,169459

128608,Amazing Grace,2205116

128608,Amazing Grace,5444009

128608,Amazing Grace,5554312

128608,Amazing Grace,6343745

128608,Amazing Grace,6817377

128608,Give Thanks To The Lord,726591

128608,How Great Thou Art,5727494

128609,Animal Crossing - The Roost Cafe,4331181

128609,Beethoven Virus,1086966

128609,Detroit Become Human,5162790

128609,Kahoot Lobby Theme,1854251

128609,Minecraft - Moog City,6525133

128609,Pokemon - Lavender Town Theme,50012

128609,Pokemon - Red And Blue Theme,1366436

128609,Red Alert 3 - Soviet March,2722751

128609,Super Mario Galaxy - Comet Observatory,662836

128609,Super Mario Galaxy - Comet Observatory,3540786

128609,Super Mario Odyssey - Jump Up Super Star,4253161

128609,Super Mario World - Athletic Theme,1058496

128609,Super Smash Bros Ultimate - Main Theme,5134956

128609,TalesWeaver,2935906

128609,Tetris Theme,38133

128609,Tetris Theme,4087516

128609,Tetris Theme,5144713

128609,The Last Of Us Theme,1322981

128609,The Legend Of Zelda Breath Of The Wild - Miphas Theme,4296251

128609,The Legend Of Zelda Majoras Mask - Great Fairy Fountain,144440

128609,The Legend Of Zelda Majoras Mask - Great Fairy Fountain,4353731

128609,The Legend Of Zelda Majoras Mask - Great Fairy Fountain,5879874

128609,Undertale - Snowy,1518486

128611,Exercises,1137111

128611,Iphone Ringtones,138074

128611,Medley,5141151

128611,Medley,5144174

128611,Medley,6174631

128611,Memes,3665556

128620,Disney Medley,977681

128620,Disney Opening Theme,6391301

128620,How To Train Your Dragon - Flying Theme,1970386

128620,Misc Soundtrack,2829541

128620,Misc Soundtrack,5556114

128620,Piratas Del Caribe Theme,4222281

128620,Romeo And Juliet - Love Theme,4952001

128620,Stranger Things - Main Theme,2462606

128620,The Greatest Showman - Rewrite The Stars,7804454

128620,The Untamed OST,5692852

128620,Top Gun Anthem,4505106

128620,Top Gun Anthem,5741240

128634,Christmas Songs,2977591

128634,Deck The Halls,5347261

128634,Joy To The World,6360574

128634,Little Drummer Boy,5285338

128634,Mary Did You Know,1472126

128634,O Come O Come Emmanuel,5353313

128634,The First Noel,4820621

128634,We Wish You A Merry Christmas,423481

128634,We Wish You A Merry Christmas,492771

128634,We Wish You A Merry Christmas,2946361

128634,We Wish You A Merry Christmas,5260397

128634,We Wish You A Merry Christmas,5306782

128634,We Wish You A Merry Christmas,5862889

128635,Feeling Good,6478995

128644,Nothing Else Matters,3819361

128644,Nothing Else Matters,4962477

128644,Nothing Else Matters,5084245

128644,Nothing Else Matters,5195370

128644,The Unforgiven,5471160

128699,In The End,5082403

128699,Numb,4321791

128699,One More Light,4509391

128699,What I've Done,5001569

128792,Don't Stop Believin',4845468

128792,Don't Stop Believin',6594715

128794,Virtual Insanity,5290807

128932,Firth Of Fifth,6671499

128933,I Like Chopin,4692026

128936,Knockin' On Heaven's Door,5334335

128936,November Rain,4810872

128936,November Rain,4866493

128936,Sweet Child O' Mine ,4611481

128936,Sweet Child O' Mine ,5926850

128951,100 Years,286846

129030,Kaikaikitan,6377259

129038,Mr. Blue Sky,5282896

129041,Lose Yourself,3001356

129041,"Love The Way You Lie, Pt. 2",3795071

129041,Mockingbird,6107367

129049,Hotel California,7696946

129090,Get Lucky,5015236

129134,Enjoy The Silence,4679936

129137,Still D.R.E. ,5093787

129137,Still D.R.E. ,7349204

129139,Light My Fire,5626702

129139,Riders On The Storm,671721

129139,Roadhouse Blues,4829866

129149,The Sound Of Silence,3694896

129149,The Sound Of Silence,5611985

129166,The Devil Went Down To Georgia,1167181

129259,A Sky Full Of Stars,3241701

129259,A Sky Full Of Stars,4227701

129259,Clocks,4003556

129259,Clocks,5273840

129259,Clocks,5942924

129259,Everglow,3350816

129259,Everglow,5357609

129259,Fix You,2978961

129259,Paradise,984831

129259,The Scientist,4497696

129259,The Scientist,5187712

129259,The Scientist,5543676

129259,Trouble,4666431

129259,Viva La Vida,3192441

129259,Viva La Vida,3278571

129259,Viva La Vida,3300271

129259,Viva La Vida,3702356

129259,Viva La Vida,4177661

129259,Viva La Vida,6402319

129259,Yellow,3969046

129286,Rasputin,5099491

129286,Rasputin,6351272

129325,Sweet Home Chicago,6634048

129333,God Only Knows,6400488

129343,How Deep Is Your Love,5855801

129358,Hey Jude,6248051

129358,Penny Lane,3872571

129358,Something,6403234

129358,Till There Was You,6374001

129358,While My Guitar Gently Weeps,5155104

129367,I Want It That Way,5535654

129396,Avril 14th,5648851

129424,ABBA Medley,5934090

129424,Chiquitita,5286987

129424,Chiquitita,6245930

129424,Chiquitita,6841317

129424,Chiquitita,6862818

129424,Dancing Queen,2887096

129424,Dancing Queen,5328244

129424,Gimme! Gimme! Gimme! (A Man After Midnight),5580213

129424,Happy New Year,5267041

129424,I Have A Dream,6210893

129424,Mamma Mia,5156006

129424,"Money, Money, Money",4992324

129424,Sos,5335096

129424,The Winner Takes It All,3140711

129441,House Of The Rising Sun,505506

129441,House Of The Rising Sun,1448636

129441,House Of The Rising Sun,5229922

129443,Dream On,5057312

129443,Dream On,6811642

129446,Thunderstruck,5701959

129493,Sonne,5530534

129533,Seven Nation Army,2191056

129533,Seven Nation Army,4835229

129667,Hallelujah,5368206

129729,Only Time,4136111

129729,Watermark,3174166

129776,Lemon Tree,2189821

129848,Morning Has Broken,5645263

130153,A Whiter Shade Of Pale,5342363

130153,A Whiter Shade Of Pale,5481040

130197,Sweet Dreams (Are Made Of This),5062773

130197,Sweet Dreams (Are Made Of This),6283390

130417,1492: The Conquest Of Paradise Theme,1133516

130417,Chariots Of Fire,1217746

130573,Kiss From A Rose,6797094

131159,Well Meet Again,5282243

131849,Walking In The Air,4830495

131900,Jurassic Park Theme,498331

131900,Jurassic Park Theme,961121

131900,Jurassic Park Theme,1424621

131900,Jurassic Park Theme,3898836

131900,Jurassic Park Theme,5485466

131900,Schindler's List Theme,3188581

131900,Schindler's List Theme,3586921

131900,Schindler's List Theme,4077861

131900,Schindler's List Theme,5122742

131900,Somewhere In My Memory,4858450

131900,Somewhere In My Memory,5373866

131990,Dancing In The Moonlight,5297880

131990,Dancing In The Moonlight,5434766

131990,Dancing In The Moonlight,6063362

132303,Attack On Titan - Shinzou Wo Sasageyo,3702011

132303,Attack On Titan - Shinzou Wo Sasageyo,3748381

132303,Attack On Titan - Shinzou Wo Sasageyo,3827366

132303,Attack On Titan - Shinzou Wo Sasageyo,4162916

132303,Bakemonogatari - Renai Circulation,5354270

132303,Death Note - Op 1 The World,5213736

132303,Detective Conan Theme,4900820

132303,Given - Fuyu No Hanashi,6368465

132303,Hollow Knight - Main Theme,5824206

132303,Howls Moving Castle - Sekai No Yakusoku,5108015

132303,Hunter X Hunter - Departure,1850251

132303,Inuyasha,2576381

132303,Jojos Bizarre Adventure - Giorno Giovanna,5704841

132303,Linked Horizon - Guren No Yumiya,152043

132303,Linked Horizon - Guren No Yumiya,6324428

132303,Mulan - Reflection,6532616

132303,Neon Genesis Evangelion - A Cruel Angels Thesis,2806766

132303,Neon Genesis Evangelion - A Cruel Angels Thesis,5268860

132303,One Piece - Binks Sake,952236

132303,One Piece - Binks Sake,2690691

132303,One Piece - Overtaken,2096011

132303,One Piece - We Are,5196171

132303,Pink Pantera - Main Theme,2818506

132303,Pink Pantera - Main Theme,3173666

132303,Pink Pantera - Main Theme,4183626

132303,Pink Pantera - Main Theme,5336915

132303,Pink Pantera - Main Theme,5356318

132303,Pink Pantera - Main Theme,5841437

132303,Pinocchio - When You Wish Upon A Star,4580016

132303,Pinocchio - When You Wish Upon A Star,6303248

132303,Pinocchio - When You Wish Upon A Star,6667818

132303,Sailor Moon Theme Song (Moonlight Densetsu),4230511

132303,Spongebob Squarepants - Krusty Krab Theme,2534656

132303,Spongebob Squarepants Theme,3739996

132303,Steven Universe - Its Over Isnt It,2421176

132303,The Jungle Book - I Wanna Be Like You,5354345

132303,Thomas The Tank Engine Theme,881976

132303,Your Lie In April - Again,6246090

132303,Yuri On Ice - History Maker,3117296

132303,Yuri On Ice - Single,2823896

132873,Chasing Cars,4824926

133030,Happy Together,6645842

133307,Cancer,530576

133307,Welcome To The Black Parade,1143056

133460,Somewhere Only We Know,5463306

133931,Take On Me,4097211

133931,Take On Me,5121540

134168,Do I Wanna Know,6027361

134408,"Asturias Op. 47, No.5",833851

134546,Hit The Road Jack,2381696

134546,Hit The Road Jack,4380126

134546,Hit The Road Jack,5096471

134624,Can-Can,285356

134624,"Orpheus In The Underworld, Finale Can Can",6408812

134624,Orphée Aux Enfers,5262237

134682,Speak Softly Love,4358616

134682,The Godfather,1426031

134682,The Godfather,2049321

134682,The Godfather,4058601

134682,The Godfather,6244267

134720,Mystery Of Love,5157472

134757,Titanium,3560431

134757,Titanium,5051765

134834,Snowman,4872246

134834,Snowman,6436065

134834,Unstoppable,6243233

134843,My Heart Will Go On,4141356

134843,My Heart Will Go On,4241731

134843,My Heart Will Go On,4879769

134843,My Heart Will Go On,4881448

134843,My Heart Will Go On,5033614

134843,My Heart Will Go On,5128232

134843,My Heart Will Go On,5469614

134878,La Vie En Rose,937671

134878,La Vie En Rose,4493676

134887,Rudolph The Red-nosed Reindeer,511771

134890,La Boheme,5614393

134920,Twin Peaks Theme,4233001

134940,Somewhere In Time,4837997

134967,Nothing's Gonna Change My Love For You,3293936

134974,Johnny B. Goode,6037918

135016,Space Oddity,6390160

135042,I Got You (I Feel Good),1936301

135065,Running Up That Hill,8161956

135065,Running Up That Hill,8192159

135106,Feeling Good,2807521

135106,Sway,6711182

135120,All I Want For Christmas Is You,1853611

135120,All I Want For Christmas Is You,3062416

135120,All I Want For Christmas Is You,5866563

135120,All I Want For Christmas Is You,6449821

135120,Without You,5851324

135125,A Thousand Miles,2186456

135125,A Thousand Miles,3701536

135129,Halloween Theme,3525751

135148,Hurt,5672425

135177,Dandelion's Promise,4544506

135177,Time Travel Theme,1261376

135207,You Are So Beautiful,6355002

135209,Hallelujah,4217351

135209,Hallelujah,4220496

135209,Hallelujah,4821612

135209,Hallelujah,4844066

135209,Hallelujah,5164814

135209,Hallelujah,5299895

135209,Hallelujah,5678972

135209,Hallelujah,6001974

135222,Giant Steps,4128206

135319,Sweet Caroline,6496011

135375,Corpse Bride - The Piano Duet,7706795

135375,Sally's Song,1688971

135375,The Simpsons Main Theme,754776

135375,The Simpsons Main Theme,4303041

135375,This Is Halloween (from The Nightmare Before Christmas),4804453

135375,Victor's Piano Solo,8401281

135403,Axel F (Beverly Hills Cop Theme),470396

135408,Feliz Navidad,4814038

135463,Harry Potter,7787399

135491,Have Yourself A Merry Little Christmas,1543021

135491,Have Yourself A Merry Little Christmas,1556676

135491,Have Yourself A Merry Little Christmas,4639861

135491,Have Yourself A Merry Little Christmas,6357060

135491,Have Yourself A Merry Little Christmas,6499352

135491,Over The Rainbow,4907185

135491,Over The Rainbow,5028696

135491,Over The Rainbow,5155506

135491,Over The Rainbow,5368464

135495,I Will Survive,6851587

135498,Rhapsody In Blue,196941

135498,Rhapsody In Blue,6020624

135498,Summertime,3865286

135498,Summertime,6529432

135586,Watermelon Man,6103374

135675,The Ludlows,3248376

135675,The Portrait,122446

135676,The Way It Is,1986451

135680,I Will Always Love You,5552151

135684,I Love The King Here I Am To Worship,5562388

135727,The Girl From Ipanema,5503179

135727,Vou Te Contar,6282295

135732,Can You Feel The Love Tonight,3518901

135732,Can You Feel The Love Tonight,3630161

135732,Can You Feel The Love Tonight,4828686

135732,Can You Feel The Love Tonight,6539841

135732,Don't Let The Sun Go Down On Me,6325864

135732,Goodbye Yellow Brick Road,5594023

135732,I'm Still Standing,1508976

135732,I'm Still Standing,5093688

135732,I'm Still Standing,6442367

135732,Medley,6457690

135732,Rocket Man,6092859

135732,Sorry Seems To Be The Hardest Word,6300556

135732,Tiny Dancer,2925226

135732,Your Song,4898783

135732,Your Song,5478379

135732,Your Song,5926837

135732,Your Song,6132175

135732,Your Song,6471795

135757,Maple Leaf Rag,145724

135757,Maple Leaf Rag,529121

135757,Peacherine Rag,2011731

135757,Pine Apple Rag,1494541

135757,The Easy Winners,529161

135757,The Entertainer,162108

135757,The Entertainer,529126

135757,The Entertainer,1352881

135757,The Entertainer,4128096

135757,The Entertainer,6113626

135765,Tank!,6063815

135771,A Tender Feeling,4792088

135772,Over The Rainbow,4583706

135772,Over The Rainbow,5496831

135793,If I Ain't Got You,3433726

135799,Stand By Me,1764216

135799,Stand By Me,4588211

135799,Stand By Me,5002252

135800,You've Got A Friend,5590536

135815,Autumn Leaves,326516

135815,Autumn Leaves,4470721

135815,Autumn Leaves,4993435

135815,Autumn Leaves,5259804

135815,Autumn Leaves,5336325

135870,Imagine,3726741

135870,Imagine,4329021

135870,Imagine,4369656

135870,Imagine,6017258

135882,Great Balls Of Fire,8247584

135891,"12 Lieder Von Franz Schubert, S.558",4408941

135891,"3 Études De Concert, S.144",2635411

135891,"Consolations, S.172",1128841

135891,"Danse Macabre, S.555",4873485

135891,"Grandes Études De Paganini, S.141",106022

135891,"Grandes Études De Paganini, S.141",4426976

135891,"Hungarian Rhapsody No.2, S.244/2",63256

135891,"Hungarian Rhapsody No.2, S.244/2",3467186

135891,"Hungarian Rhapsody No.2, S.244/2",4664146

135891,"Hungarian Rhapsody No.6, S.244/6",5215854

135891,"Liebesträume, S.541",65159

135891,"Liebesträume, S.541",5100571

135891,"Liebesträume, S.541",5644401

135891,"Études D'exécution Transcendante, S.139",2603291

135962,Right Here Waiting,4873134

135962,Right Here Waiting,6201568

136006,When She Loved Me,2474426

136009,Vincent Starry Starry Night,5087038

136082,Chi Mai,5788661

136082,Chi Mai,6104468

136082,Gabriel's Oboe,3058166

136082,Gabriel's Oboe,3597821

136082,Love Theme,3959431

136082,Love Theme,6264867

136082,The Ecstacy Of Gold,6167724

136102,Cavatina,4817458

136112,Crazy,5668993

136116,You've Got A Friend In Me (from Toy Story),4283331

136116,You've Got A Friend In Me (from Toy Story),6667474

136116,You've Got A Friend In Me (from Toy Story),6698508

136131,James Bond Theme,2099366

136206,La Foule,5624801

136206,La Vie En Rose,2655216

136206,La Vie En Rose,4127521

136206,La Vie En Rose,4448396

136206,La Vie En Rose,5648677

136226,Can't Help Falling In Love,2452631

136226,Can't Help Falling In Love,2870526

136226,Can't Help Falling In Love,2990841

136226,Can't Help Falling In Love,3579721

136226,Can't Help Falling In Love,4178541

136226,Can't Help Falling In Love,5011109

136226,Can't Help Falling In Love,5402542

136226,Can't Help Falling In Love,5762856

136226,Can't Help Falling In Love,5980339

136226,Can't Help Falling In Love,6288760

136243,Baker Street,5399962

136258,"10,000 Reasons (Bless The Lord)",6070519

136260,Perfect Day,1023241

136408,"13 Pieces For Piano, Op.76",5489821

136417,My Baby Just Cares For Me,4548071

136417,My Baby Just Cares For Me,6479083

136421,My Way,4343751

136421,My Way,5351123

136421,My Way,5779552

136421,My Way,6690686

136421,New York New York,143819

136421,New York New York,6569300

136421,Thats Life,6410187

136457,"24 Exercices Très Faciles, Op.35",5054890

136466,Toxic,4998268

136518,Estudio In E Minor,4899848

136544,Amelie,4891567

136544,"Comptine D'un Autre Été, L'après-midi",5147062

136544,"Comptine D'un Autre Été, L'après-midi",7822463

136544,La Valse D'Amélie,7846796

136553,How Great Is Our God,5582096

136603,Besame Mucho,3450341

136603,Besame Mucho,4690976

136619,Four Seasons (Winter),5618276

136619,Le Quattro Stagioni,45159

136619,Le Quattro Stagioni,135805

136619,Le Quattro Stagioni,557466

136619,Le Quattro Stagioni,3414396

136619,Le Quattro Stagioni,5161146

136619,Le Quattro Stagioni,5498538

136619,Le Quattro Stagioni,5889290

136619,Le Quattro Stagioni,5912674

136619,The Four Seasons - Winter,3476921

136619,The Four Seasons - Winter,6296866

136619,"Violin Concerto In A Minor, RV 356",4199371

136651,Runaway,6610590

136669,Superstition,2878011

136677,Promise - Reprise,57518

136721,Fly Me To The Moon,103144

136721,Fly Me To The Moon,830436

136721,Fly Me To The Moon,4267906

136721,Fly Me To The Moon,4455576

136721,Fly Me To The Moon,4878940

136721,Fly Me To The Moon,4966773

136721,Fly Me To The Moon,5068762

136721,Fly Me To The Moon,5881295

136721,Fly Me To The Moon,5913839

136721,Fly Me To The Moon,6425882

136781,All Of Me,3332996

136781,All Of Me,4125381

136781,All Of Me,4410481

136781,All Of Me,4453546

136781,All Of Me,4802676

136781,All Of Me,5926797

136819,House Of Memories,3366501

136819,House Of Memories,4998475

137056,Back To Black,5285757

137056,Back To Black,5681815

137089,Canon Rock,4873215

137597,Wind,1241911

137637,Con Te Partiro,906416

137653,Masquerade,1455951

137663,Café 1930,5392815

137663,Libertango,644936

137663,Libertango,3986626

137663,Libertango,4156461

137663,Libertango,4490386

137663,Libertango,5267269

137663,Oblivion,156764

137663,Oblivion,4608996

137663,Oblivion,5981677

137741,Jingle Bell Rock,6460120

137766,White Christmas,5292764

137804,Spain,7026651

137826,Lux Aeterna,2100881

137931,Que Sera Sera,6300723

137994,"Ballade No.1, Op.23",174214

137994,"Ballade No.1, Op.23",2182146

137994,"Ballade No.4, Op.52",970761

137994,"Fantaisie-impromptu, Op.66",132879

137994,"Fantaisie-impromptu, Op.66",683071

137994,"Fantaisie-impromptu, Op.66",1223091

137994,"Fantaisie-impromptu, Op.66",4997558

137994,"Grande Valse Brillante, Op.18",166268

137994,"Nocturne In C Minor, B.108",67216

137994,"Nocturne In C-sharp Minor, B.49",77131

137994,"Nocturne In C-sharp Minor, B.49",3896061

137994,"Nocturne In C-sharp Minor, B.49",5033471

137994,"Nocturne In C-sharp Minor, B.49",5653788

137994,"Nocturne In E Minor, Op.72 No.1",188935

137994,"Nocturnes, Op.27",4910730

137994,"Nocturnes, Op.48",68278

137994,"Nocturnes, Op.55",131461

137994,"Nocturnes, Op.55",4892542

137994,"Nocturnes, Op.9",53288

137994,"Nocturnes, Op.9",127045

137994,"Nocturnes, Op.9",169484

137994,"Nocturnes, Op.9",3044996

137994,"Nocturnes, Op.9",4383881

137994,"Nocturnes, Op.9",5178145

137994,"Nocturnes, Op.9",5285384

137994,"Nocturnes, Op.9",5587994

137994,"Piano Sonata No.2, Op.35",3024

137994,"Polonaise In A-flat Major, B.5",1800506

137994,"Polonaise In A-flat Major, Op.53",55757

137994,"Preludes, Op.28",60121

137994,"Preludes, Op.28",65474

137994,"Preludes, Op.28",71650

137994,"Preludes, Op.28",75311

137994,"Preludes, Op.28",1156331

137994,"Preludes, Op.28",3425751

137994,"Scherzo No.2, Op.31",179622

137994,"Waltz In A Minor, B.150",952776

137994,"Waltz In A Minor, B.150",1749181

137994,"Waltz In A Minor, B.150",6399446

137994,"Waltz In E Minor, B.56",5738940

137994,"Waltzes, Op.64",55375

137994,"Waltzes, Op.64",73075

137994,"Waltzes, Op.64",4235326

137994,"Waltzes, Op.64",5305991

137994,"Waltzes, Op.69",1435971

137994,"Waltzes, Op.69",2076226

137994,"Waltzes, Op.69",2498476

137994,"Études, Op.10",72961

137994,"Études, Op.10",87402

137994,"Études, Op.10",105780

137994,"Études, Op.10",115967

137994,"Études, Op.10",116128

137994,"Études, Op.10",5258245

137994,"Études, Op.10",5497267

137994,"Études, Op.10",5497268

137994,"Études, Op.10",5497277

137994,"Études, Op.10",5674977

137994,"Études, Op.25",77075

137994,"Études, Op.25",103126

137994,"Études, Op.25",175968

137994,"Études, Op.25",4553466

137994,"Études, Op.25",5497309

137994,"Études, Op.25",5801576

138027,Love Story,5209288

138027,Love Story,5547535

138069,La Cumparsita,1206896

138072,"Gianni Schicchi, SC 88",648766

138072,"Turandot, SC 91",3216866

138160,Peaches,10437058

138211,Thaïs,183427

138211,Thaïs,5607912

138222,"Canon And Gigue In D Major, P.37",53995

138222,"Canon And Gigue In D Major, P.37",105013

138222,"Canon And Gigue In D Major, P.37",635941

138222,"Canon And Gigue In D Major, P.37",711791

138222,"Canon And Gigue In D Major, P.37",828956

138222,"Canon And Gigue In D Major, P.37",1019991

138222,"Canon And Gigue In D Major, P.37",1064336

138222,"Canon And Gigue In D Major, P.37",1100811

138222,"Canon And Gigue In D Major, P.37",1376056

138222,"Canon And Gigue In D Major, P.37",2232771

138222,"Canon And Gigue In D Major, P.37",2785851

138222,"Canon And Gigue In D Major, P.37",3152251

138222,"Canon And Gigue In D Major, P.37",3571656

138222,"Canon And Gigue In D Major, P.37",3778271

138222,"Canon And Gigue In D Major, P.37",4810446

138222,"Canon And Gigue In D Major, P.37",4854776

138222,"Canon And Gigue In D Major, P.37",5119837

138222,"Canon And Gigue In D Major, P.37",5143134

138222,"Canon And Gigue In D Major, P.37",5154865

138222,"Canon And Gigue In D Major, P.37",5210449

138222,"Canon And Gigue In D Major, P.37",5871807

138222,"Canon And Gigue In D Major, P.37",5878699

138222,"Canon And Gigue In D Major, P.37",6032437

138222,"Chaconne In C Major, P.38",257161

138222,"Chaconne In C Major, P.38",2912641

138222,"Chaconne In C Major, P.38",5550189

138237,The Stars And Stripes Forever,1506861

138238,The Star Spangled Banner,2772181

138238,The Star Spangled Banner,2877436

138238,The Star Spangled Banner,5608204

138275,He's A Pirate,3012741

138275,He's A Pirate,3578656

138275,He's A Pirate,3669561

138275,He's A Pirate,4601656

138275,He's A Pirate,5115497

138275,To The Pirates Cave,6104414

138291,"Dire, Dire Docks",5586316

138291,Gerudo Valley,1974706

138291,Hyrule Castle,4340116

138291,Hyrule Castle Courtyard,4887140

138291,Lost Woods,780391

138291,Lost Woods,4868890

138291,Ocarina Of Time,1351686

138291,Saria's Song,2418086

138291,Song Of Storms,1545401

138291,Song Of Storms,2030166

138291,Song Of Storms,4989335

138291,Super Mario Bros,4913846

138291,Super Mario Bros - Overworld,51866

138291,Super Mario Bros - Overworld,1587116

138291,Super Mario Bros - Overworld,2601926

138291,Super Mario Bros - Overworld,2736606

138291,Super Mario Bros.,6642763

138291,Super Mario Brothers,2110696

138291,Super Mario Brothers,2440831

138291,Super Mario Brothers,2878316

138291,The Legend Of Zelda Main Theme,2484196

138291,The Legend Of Zelda Main Theme,4880846

138291,The Legend Of Zelda Main Theme,4933384

138291,Title Theme (The Legend Of Zelda: Ocarina Of Time),3197666

138291,Zelda's Lullaby,1694686

138437,Deference For Darkness,5494862

138437,Halo Theme,1202501

138448,Zorba's Dance,4866772

138520,Take Five,3164576

138722,Saturn,5686282

138722,Turning Page,120954

138778,Arrival Of The Birds,5025093

138778,To Build A Home,2435486

138778,To Build A Home,5754250

138802,Grief And Sorrow,1166136

138802,Grief And Sorrow,5160438

138802,Sadness And Sorrow,293666

138802,Sadness And Sorrow,1078441

138802,Sadness And Sorrow,1460091

138802,Sadness And Sorrow,5058635

138887,Christmas Time Is Here,5304302

138887,Christmas Time Is Here,5493339

138887,Linus And Lucy,5344826

138887,Linus And Lucy,5513412

138887,O Tannenbaum,2970206

138887,Skating,4818726

139253,For The Damaged Coda,2843526

139253,For The Damaged Coda,3808506

139446,Stay,3931016

139621,Cant Take My Eyes Off You,3104491

140007,Dream A Little Dream Of Me,6901454

140007,Kiss The Rain,3854486

140007,Kiss The Rain,4107866

140007,Kiss The Rain,5625485

140007,Love Me,3168706

140007,May Be,5396728

140007,Reason,1623811

140007,Reminiscent,3355521

140007,River Flows In You,2967251

140007,River Flows In You,3237171

140007,River Flows In You,3291706

140007,River Flows In You,4743256

140007,River Flows In You,4853908

140007,River Flows In You,4883794

140007,River Flows In You,4982298

140007,River Flows In You,5657703

140007,River Flows In You,6142311

140007,River Flows In You,6144002

140007,River Flows In You,6921043

140007,Spring Time,1882451

140007,When The Love Falls,6382131

140040,Autumn Leaves,4867525

140227,Flowers,9575578

140229,Counting Stars,4083661

140229,Counting Stars,6107900

140229,I Ain’t Worried,8330651

140229,Secrets,5082405

140273,We Are Number One,2431571

140385,The Moon Represents My Heart,1110826

140498,Hijo De La Luna,91942

140498,Hijo De La Luna,1740676

140714,Bloody Stream,4524791

140714,Bloody Stream (OP 2),5437385

141008,Despacito,4598051

141008,Despacito,4808879

141008,Despacito,4918059

141008,Despacito,5857259

141086,"An Der Schönen Blauen Donau, Op.314",4941073

141086,"An Der Schönen Blauen Donau, Op.314",5076861

141086,"An Der Schönen Blauen Donau, Op.314",5563700

141086,"An Der Schönen Blauen Donau, Op.314",5731519

141086,"Frühlingsstimmen, Op.410",4942207

141221,Forrest Gump,950701

141221,The Avengers Main Theme,4369966

141221,The Avengers Main Theme,4841292

141221,The Avengers Main Theme,5087271

141221,The Avengers Main Theme,5552319

141221,The Avengers Main Theme,6003417

141234,One Man's Dream,5589297

141333,She Used To Be Mine,4865964

142022,Tico-Tico No Fubá,4939446

142091,Goodbye,6820197

142271,Formula 1 Theme,5253665

142271,Marvel Studios Fanfare,6715153

142470,The Office Theme,40133

142470,The Office Theme,2960456

142470,The Office Theme,4875944

142505,Every Breath You Take,4250486

142505,Every Breath You Take,6428116

142511,Never Gonna Give You Up,2738006

142511,Never Gonna Give You Up,3724876

142511,Never Gonna Give You Up,4086991

142511,Never Gonna Give You Up,4879546

142511,Never Gonna Give You Up,5112198

142511,Never Gonna Give You Up,5251002

142511,Never Gonna Give You Up,6302205

142820,Corazon De Nio,219081

142993,Por Una Cabeza,6856623

143161,Je Te Laisserai Des Mots,4442471

143161,Je Te Laisserai Des Mots,5682727

143161,Je Te Laisserai Des Mots,5934863

143588,Date 2,4034481

143588,Grand Escape,5698279

143588,Kataware Doki,2704541

143588,Kataware Doki,4900443

143588,Sparkle,2776456

143588,Sparkle,2970876

143588,Suzume,8919354

143588,Your Name,2991836

143588,Zenzenzense,3545836

143666,Still Alive,21060

143673,Oceans Where Feet May Fail,5640358

143673,Oceans Where Feet May Fail,6702833

143688,Blue Bossa,1039041

143889,A Christmas Festival,74063

144242,Easy On Me,7056120

144242,Easy On Me,7065357

144242,Easy On Me,7066915

144242,Hello,3941166

144242,Make You Feel My Love,4909787

144242,Make You Feel My Love,5327469

144242,Make You Feel My Love,6266942

144242,Rolling In The Deep,4747936

144242,Set Fire To The Rain,4295481

144242,Skyfall,3491126

144242,Skyfall,4900595

144242,Skyfall,5459754

144242,Someone Like You,4788682

144242,Someone Like You,4836661

144242,Someone Like You,5099605

144242,Someone Like You,5348175

144242,When We Were Young,4999780

144292,L's Theme,6290722

144392,"Romeo And Juliet (ballet), Op.64",5367340

144456,The Giver - Rosemarys Theme,2307631

144602,We Are The Crystal Gems,1059696

144884,Heart And Soul,2127731

144884,Heart And Soul,5062658

144884,Heart And Soul,5600079

144884,Heart And Soul,5887903

144921,Hall Of Fame,2967706

145118,Fireflies,5362319

145145,All Of Me,4512381

145229,Let Her Go,3196536

145229,Let Her Go,3619706

145281,Fairytale,4257251

145282,Always Remember Us This Way,7307108

145282,Always Remember Us This Way,7784966

145282,Bad Romance,3502161

145282,Bloody Mary,9162447

145282,Hold My Hand,8049645

145282,Shallow,6679720

145367,A Comme Amour,161958

145367,Ballade Pour Adeline,66615

145367,Hungarian Sonata,4620391

145367,Love Is Blue,5671877

145367,Love Story,55054

145367,Love Story,5223326

145367,Mariage D'amour,154629

145367,Mariage D'amour,1053726

145367,Mariage D'amour,3387831

145367,Mariage D'amour,4821878

145367,Mariage D'amour,5105348

145367,Mariage D'amour,5174392

145367,Mariage D'amour,5588565

145367,Nostalgy,5670772

145367,Romeo And Juliet,5880912

145367,Souvenir D'enfance,5670777

145367,梁祝,6258104

145412,Divenire,5196514

145412,Experience,2201581

145412,Experience,6490908

145412,Experience,6605114

145412,Giorni Dispari,4416386

145412,Le Onde,979316

145412,Nuvole Bianche,2208321

145412,Nuvole Bianche,6420336

145412,Nuvole Bianche,9148968

145412,Una Matina,7113354

145463,Just The Two Of Us,3084461

145463,Just The Two Of Us,5226360

145463,Just The Two Of Us,5227592

145463,Just The Two Of Us,5516852

145463,Just The Two Of Us,6476046

145670,Let It Go,4864386

145808,Give Thanks,5470586

146143,Variations On The Canon,5886140

146218,Le Festin,5961741

146405,Csárdás,2978006

146405,Csárdás,4347986

146405,Csárdás,4351976

146405,Csárdás,5619709

146781,Mission Impossible Theme,608511

147064,Sing Sing Sing,3394236

147064,Sing Sing Sing,4488746

147184,Fairytale,2242161

147184,Fairytale,5093002

147191,Blue Bird,5520783

147191,Blue Bird,6206041

147238,Ancient Stones,2749166

147238,Dragonborn,55868

147238,Dragonborn,517536

147238,Dragonborn,3635941

147238,Secunda,4811536

147362,Chopsticks,189966

148406,Ghost,7062244

148829,Spooky Scary Skeletons,4433561

149037,Music Box Dancer,1478041

149464,You Are My Sunshine,1634656

149970,Runaway,5499410

149970,Runaway,6692884

149999,Adagio For Strings,3863046

150059,Thank You For The Music,5276778

150152,Heart Of Courage,5004943

150152,Star Sky,1658976

150152,Victory,2796891

150152,Victory,4496841

150228,Despair,5027703

150228,Fairy Tail Main Theme,143392

150228,Fairy Tail Main Theme,194482

150228,Fairy Tail Main Theme,581381

150228,Fairy Tail Main Theme,1283886

150429,Talking To The Moon,6772491

150429,When I Was Your Man,6670660

150887,Crossing Field,194437

150887,Gurenge 紅蓮華,5591180

150887,Gurenge 紅蓮華,5766205

150887,Gurenge 紅蓮華,5875316

150887,Gurenge 紅蓮華,5879028

150887,Gurenge 紅蓮華,6088143

150887,Gurenge 紅蓮華,6319019

150887,Homura,6399719

150887,Homura,6410822

150887,Homura,6450580

150986,Saman,5193404

151022,Arrival To Earth,2448311

151289,A Thousand Years,6609389

151289,A Thousand Years,6647024

151289,A Thousand Years,6710478

151289,A Thousand Years,7790321

151316,If I Had A Chicken,5937706

151797,Baba Yetu,1443876

151928,See You Again,7946903

152037,Perfect,4889288

152037,Perfect,4933722

152037,Perfect,5019739

152037,Perfect,5175486

152037,Perfect,5193993

152037,Perfect,5553858

152037,Perfect,6967147

152037,Photograph,4590646

152037,Photograph,4771051

152037,Shape Of You,3798956

152037,Thinking Out Loud,3592421

152772,September Song,5217929

152879,Tong Hua,5607954

152952,Night Changes,5141788

152952,What Makes You Beautiful,4097261

153061,Futari No Kimochi,6030329

153338,Mary On A Cross,6264862

153422,White Christmas,5855110

153422,White Christmas,6451997

153516,Celebrity,6578774

153695,Congratulations,6554653

153940,It's Beginning To Look A Lot Like Christmas,510866

153951,Ophelia,2884236

153951,Ophelia,5143992

154088,Rudolph The Red-nosed Reindeer,1353216

154107,I Need Thee Every Hour,6557478

154185,Skinny Love,3671611

154197,The Night We Met,3778376

154282,Save Your Tears,6318202

154349,Arriettys Song,2555926

154953,Angry Birds,397171

154991,Guns For Hire,7118678

155323,Summertime Sadness,4828582

155323,Video Games,6212128

155323,Young And Beautiful,4828006

155334,Game Of Thrones Theme,1640436

155334,Game Of Thrones Theme,2163051

155334,Game Of Thrones Theme,3205376

155334,Game Of Thrones Theme,4312326

155334,Game Of Thrones Theme,4801654

155334,Game Of Thrones Theme,5137595

155334,Light Of The Seven (from Game Of Thrones),4438966

155334,The Night King,5549583

155379,Heartaches,6466630

155499,Ave Maria,935871

155504,"6 Piano Sonatinas, Op.36",2052071

155504,"6 Piano Sonatinas, Op.36",2052136

155573,Minuet In G Minor Notebooks For Anna Magdalena Bach BWV Anhang 115,2086136

155650,Adagio,900171

155689,The Nights,4354306

155689,Waiting For Love,3676146

156188,Jealous,5094525

156499,Autumn Leaves,1026276

156499,My Funny Valentine,4987921

156759,For River To The Moon,211671

156761,7 Years,4811520

156761,7 Years,5080953

156806,"Merry Christmas, Mr. Lawrence",4845387

156806,"Merry Christmas, Mr. Lawrence",5971218

156896,The Mandalorian,6277044

156896,The Mandalorian,6687994

157425,Stay With Me,4457001

157528,Cant Help Falling In Love,3063081

157774,Believer,3493496

157774,Believer,4393326

157774,Believer,5128800

157774,Believer,6113614

157774,Bones,7714247

157774,Demons,3241791

157774,Demons,3482756

157774,Demons,4077566

157774,Enemy,7108460

157774,Enemy,7153203

157774,Radioactive,3924896

157958,Flower Dance,171373

157958,Flower Dance,5094199

157958,Flower Dance,6430031

158449,Fight Song,6273395

158757,Pokemon Theme,769686

159593,Say You Won't Let Go,5018079

159698,Only ,7091509

159819,Another Love,6636450

159819,Another Love,6879438

159819,Another Love,7581731

159854,Sweater Weather,5246959

160076,Downton Abbey Theme,180394

161048,5 Pieces For 2 Violins And Piano,6136169

161048,5 Pieces For 2 Violins And Piano,6337061

161048,"String Quartet No. 8 In C Minor, Op. 110",5490785

161048,Waltz No.2,492881

161048,Waltz No.2,1273736

161048,Waltz No.2,1879061

161048,Waltz No.2,2786806

161048,Waltz No.2,3995021

161048,Waltz No.2,4310241

161048,Waltz No.2,5813667

161048,Waltz No.2,6031912

161048,Waltz No.2,6555384

161417,Blues Licks,1603616

161420,Jazz Exercises,651091

161420,Jazz Exercises,651096

161423,Major Scales,4855057

161483,Summertime,6290314

161566,Ballade Pour Adeline,114689

161566,Ballade Pour Adeline,6390282

161566,Mariage D'Amour,5616440

161566,Mariage D'Amour,5739597

161566,Mariage D'Amour,6160895

161658,Five Nights At Freddy's,1304631

161658,It's Been So Long,520051

161658,My Ordinary Life,5543679

161722,Black And Blues,5270217

161930,Fire On Fire,5463264

161930,I'm Not The Only One,3510506

162566,Aquarela,2673011

163144,Take Me To Church,3974821

163144,Take Me To Church,5667702

163824,Santa Claus Is Coming To Town,5325688

164012,You Say,5367872

164218,Zankyou Sanka,7289177

164750,Hikaru Nara,3300496

164750,Hikaru Nara,5052568

164750,Hikaru Nara,6226102

164754,Derniere Danse,1491061

164788,On The Nature Of Daylight,4162051

164788,The Departure,4436386

165068,Can't Help Falling In Love,3706601

165068,Carol Of The Bells,95366

165068,Carol Of The Bells,5233424

165068,"God Rest Ye Merry, Gentlemen",2979086

165068,Hallelujah,2823556

165068,Hallelujah,4287726

165068,"Mary, Did You Know?",400411

165068,The Sound Of Silence,5446742

165642,Moanin',61445

165992,Heat Waves,6814798

166387,Senorita,5620966

167061,Psycho,5905770

167231,Something Just Like This,3957616

167390,Barfuß Am Klavier,1570901

170457,Balada Para Adelina,5246403

170457,Para Elisa,6259956

170565,"Mary, Did You Know",5259533

176446,Mad World,64978

176487,Freaks,449086

177402,Astronomia / Coffin Dance,6073049

177402,Astronomia / Coffin Dance,6086163

177402,Astronomia / Coffin Dance,6097884

177836,Dandelions,7003985

177836,Dandelions,7053683

177836,Lost Boy,2850956

177836,Lost Boy,5139838

178543,Liquid Smooth,5654726

178543,Washing Machine Heart,6825611

178782,Call Of Silence,5155238

178782,ThanksAT,5944354

178782,Vogel Im Kafig,6317887

178782,YouSeeBIGGIRL/T:T,5172370

179801,You Are The Reason,4881661

179853,Pure Imagination,5073285

181177,Rue Des Trois Frères ,6250966

181472,Unravel,2579421

181472,Unravel,3481596

181472,Unravel,4886418

181472,Unravel,5490570

181766,All Falls Down,4835922

181766,Faded,4798318

181766,Lily,5432871

181844,Monody,1755641

181844,Unity,1605161

182664,Someone To You,5006816

183250,20,6040516

184167,As The World Caves In,6109689

184177,Cry For Me,6492934

184619,Bad Guy,5512876

184619,Everything I Wanted,5845668

184619,Happier Than Ever,6893108

184619,Happier Than Ever,6897953

184619,I Love You,5534137

184619,Idontwannabeyouanymore,5282655

184619,Lovely,5139422

184619,Lovely,5185173

184619,Lovely,5276295

184619,Lovely,5469107

184619,Lovely,5706953

184619,Lovely,6261807

184619,My Future,6279281

184619,No Time To Die,5980854

184619,Ocean Eyes,5278950

184619,When The Party's Over,5287177

184988,Kamado Tanjirou No Uta,5683005

185041,In The Mood,1450501

185041,Moonlight Serenade,4908130

185352,I Wanted To Leave,6639915

185352,Where's My Love,7065305

185444,Misty,2548591

185444,Misty,5052389

185491,Glimpse Of Us,8205026

185491,Glimpse Of Us,8208857

185491,Glimpse Of Us,8227442

185491,Glimpse Of Us,8259416

185491,Slow Dancing In The Dark,5388854

186343,Butterfly Waltz,5672702

186343,Song For Sienna,5095297

186394,The Myth - Endless Love,4225396

186883,The Wisp Sings,5716359

187064,Evangelion - A Cruel Angels Thesis,4926407

187064,Evangelion - A Cruel Angels Thesis,5199833

187114,Whiplash,757001

187171,"It's Been A Long, Long Time",2357801

187171,"It's Been A Long, Long Time",5880305

187171,Let It Snow,3026341

187697,Bad Apple,359836

188219,Alone,4609496

188219,Happier,5242767

188227,How You Like That,6224478

188227,How You Like That,6240758

189452,Best Part,5266856

189965,Valse,2945846

190611,Heather,6254000

191157,You Say Run My Hero Academia,5261042

191195,Before You Go,5908000

191195,Before You Go,6265072

191195,Someone You Loved,5444126

191195,Someone You Loved,5542297

191195,Someone You Loved,5685822

191195,Someone You Loved,5989965

192041,Plastic Love,6258043

193059,In The Mood,4834474

193230,Lit,5022717

193293,Cristofori's Dream,125731

193552,On The Sunny Side Of The Street,5052388

194011,"Zigeunerweisen, Op.20",721521

194021,Take Five,430481

194021,Take Five,5394147

194364,"Radetzky-Marsch, Op.228",4879864

194364,"Radetzky-Marsch, Op.228",6414242

196111,Always With Me,889281

196111,Always With Me,2168886

196111,Always With Me,5046056

196396,Among Us Drip,6674915

196413,Your Reality,4735816

196413,Your Reality,5931436

197253,Beggin',6864978

197344,"It's Been A Long, Long Time",5579626

197781,Do-Re-Mi,1286471

197781,Do-Re-Mi,5255481

197781,Do-Re-Mi,5652916

197781,Edelweiss (from The Sound Of Music),4868766

197781,My Favorite Things (from The Sound Of Music),6448109

198605,My Time,6362049

199464,Moral Of The Story,6003907

200102,Stay With Me,6282282

200164,Robbery,5891048

200455,City Of Tears,3659386

200455,Dirtmouth,5216043

200455,Greenpath,3456331

200455,Hollow Knight Main Theme,3714306

200455,Hornet,3505076

200455,Mantis Lords,4357826

200455,Resting Grounds,3583956

200455,Sealed Vessel,3945831

200455,Troupe Master Grimm,5015622

200455,White Palace,4348586

202272,Rises The Moon,6869808

202272,Rises The Moon,6910214

202319,Way Back Home,5177905

203082,Wellerman,5980505

203082,Wellerman,6376624

203082,Wellerman,6489358

203082,Wellerman,6558104

203082,Wellerman,6559923

203082,Wellerman,6583881

203082,Wellerman,6813233

204140,Crab Rave,5345775

204354,KICK BACK,8672190

204354,KICK BACK,8812008

204354,Lemon,5029778

204515,Can You See My Heart 내 맘을 볼수 있나요,5705104

205022,Christmas Medley,1748006

205022,Christmas Medley,2568281

206724,Your New Boyfriend,6500880

207012,Gone,6585977

207460,Arcade,5480313

207460,Arcade,5582818

207460,Arcade,5788117

207490,Industry Baby,6880784

207490,Industry Baby,6883280

207490,Industry Baby,6894057

207490,Montero (Call Me By Your Name),6698705

207572,Kawaki Wo Ameku カワキヲアメク,5429697

207978,Sous Le Ciel De Paris,5513641

208842,Black Catcher,5923185

208842,Black Catcher,6167776

209350,Rolling Girl,119691

209488,Cradles,5636120

213182,Succession: Title Theme,6111199

213182,Succession: Title Theme,6257744

213182,Succession: Title Theme,6460972

214097,Elegy For The Victims Of The Earthquake And Tsunami,2060411

214320,La Marseillaise,5642975

214320,Tarantella Napoletana,5497437

214405,Main Theme - Animal Crossing: New Horizons,6046747

214405,Mii Channel Theme,1240891

214405,Mii Channel Theme,3556616

214405,Mii Channel Theme,4367316

214405,Mii Channel Theme,5180264

214405,Wii Shop Channel,3158401

214405,Wii Sports Theme,4986642

214433,Kass' Theme (The Hero's Theme),4217151

214456,"""Main Theme"" From The Legend Of Zelda: Breath Of The Wild",4856908

214456,Kass's Theme From The Legend Of Zelda: Breath Of The Wild,4581766

214456,Main Theme - Breath Of The Wild,5364571

214456,Prince Sidon's Theme ,3647106

214456,Revali's Theme,4068886

215312,Diamond Is Unbreakable - Main Theme,2816016

215312,Giorno's Theme,2596971

215312,Giorno's Theme,5297193

215312,Giorno's Theme,5366398

215312,Giorno's Theme,5491166

215312,Giorno's Theme,5595109

215312,Giorno's Theme,5669241

215312,Giorno's Theme,5961358

215312,Giorno's Theme,6262653

215344,Champion Cynthia,4178456

215344,Littleroot Town,1630121

215483,Guillaume Tell,2291421

215649,Carnaval De Venise,4356596

215924,O Holy Night,142961

215924,O Holy Night,520771

215924,O Holy Night,1609416

216036,Chattanooga Choo Choo,6648344

216118,The Addams Family Theme,44152

216126,Danzón No.2,7076695

216427,Gusty Garden Galaxy,2477361

216427,Luma,2582191

217498,Ori And The Will Of The Wisps OST,6033252

217665,Melody Of The Night 5,4922485

218328,"INSANE Attack On Titan Season 4 (Final Season) OP - ""Boku No Sensou"" / ""My War"" (Piano)",6504022

218328,Kamado Tanjiro No Uta,5744620

218328,Kamado Tanjiro No Uta,6224372

218328,Kamado Tanjiro No Uta,6403774

218334,Gravity Falls Theme,1461066

218334,Gravity Falls Theme,1871671

218334,Gravity Falls Theme,1871836

218334,Gravity Falls Theme,2284946

218334,Gravity Falls Theme,2369091

218440,Gourmet Race,936706

218440,Gourmet Race,2737121

218441,A Cruel Angels Thesis Neon Genesis Evangelion,5575191

218441,Komm Süsser Tod,3164791

218441,Rei I,3949096

218872,Super Mario Galaxy OST,6782677

219035,Liz And The Blue Bird,5349559

219199,Classical Music Mashup,5294675

220078,Coconut Mall,5601488

220152,Otherside,7081600

220152,Pigstep,6089373

220152,Pigstep,6098495

221333,Tom And Jerry,730856

221932,Jig 2,2713171

222221,Tequila,5198109

222337,Concierto De Aranjuez,6245314

222382,Hokage's Funeral,6014563

222582,"You're A Mean One, Mr. Grinch ",5360095

222755,Let It Go,4656981

222755,Let It Go,4845712

222755,Let It Go,5172780

222755,Let It Go,6359957

222755,Remember Me,4871882

222833,Blue Bird,6222842

222859,"Étude Opus 25 No. 11, “Winter Wind” In A Minor",5497288

223911,Arabesque,5848402

224104,Into The Unknown,948991

224104,Into The Unknown,4113161

225843,All I Want,5925102

225843,Deja Vu,6732206

225843,Drivers License,6550228

225843,Drivers License,6550946

225843,Good 4 U,6771048

225843,Happier,6784877

225843,Traitor,6803889

225909,Fukashigi No Carte  ,5276791

225909,Fukashigi No Carte  ,5394198

225909,Fukashigi No Carte  ,5470001

225909,Fukashigi No Carte  ,6294482

226238,Shinzou Wo Sasageyo,4411791

226520,Rush E,6862109

226520,Rush E,8192093

226689,Toss A Coin To Your Witcher ,5907496

226713,Pokemon OST,5694950

226808,Bluestone Alley,1409246

226882,"Messiah, HWV 56",2971961

226882,"Messiah, HWV 56",3848401

226882,"Rinaldo, HWV 7b",191220

226882,"Suite In D Minor, HWV 437",3329461

226882,"Suite In D Minor, HWV 437",4355526

226882,"Suite In G Minor, HWV 432",142060

226882,"Suite In G Minor, HWV 432",1149426

226882,The Arrival Of The Queen Of Sheba,4982984

227288,Fairly Oddparents Theme Song,6887558

227617,Senbonzakura,5237072

227617,Senbonzakura,5263031

227767,Avatar: The Last Airbender: Main Title,3544951

229250,Yoru Ni Kakeru,6088047

230066,Dolphin Shoals,1685826

230066,Dolphin Shoals,4883752

230074,Baby Shark,167520

230903,Inferno,5640315

231070,Isabella's Lullaby,5516898

231070,Isabella's Lullaby,5670629

231070,Isabella's Lullaby,5963258

231074,Tom Brier Improvisation,5963930

231206,Ala,6995442

231206,Sleeping Lotus,6462313

232184,Beethoven's Silence,1563166

233064,Shinunoga E-Wa,8663811

233128,Dawn,4886992

233128,Liz On Top Of The World,4687811

234751,Who You Really Are,3254656

235305,Pine Top's Boogie Woogie,4311871

236076,One Last Kiss,6660623

237188,Bluebird,5044925

241262,A Song For My Brother,6110883

241814,Grasswalk,1839366

242000,My Sweet And Tender Beast,1932986

242216,Flight Of The Bumblebee,437

242216,Flight Of The Bumblebee,194248

242216,Flight Of The Bumblebee,649716

242216,Flight Of The Bumblebee,842496

242216,Flight Of The Bumblebee,2776946

242216,Flight Of The Bumblebee,5231813

242216,The Tale Of Tsar Saltan (opera),97866

243829,HISTORIA DE UN AMOR ,6124587

244520,Dearly Beloved,5046937

246519,Red Swan,5207060

246519,Red Swan,6339200

246788,Bad Piggies Theme,4839139

247305,Croatian Rhapsody,168611

247305,Croatian Rhapsody,5661557

248007,Tetris / Korobeiniki - Fast Ragtime Piano Cover,5625623

253977,0X1=LOVESONG (I Know I Love You),6799818

255036,Lilium,5661551

255845,Love Is Gone,6135194

256777,Potato Blues,4905204

256778,Happy Birthday Song In Jazz,6134810

256798,My War,6492030

256798,My War / Boku No Sensou ,6499472

257308,A Million Dreams From The Greatest Showman,7458092

257690,Love Is Gone,6154092

257702,Reflections,6209292

257702,Reflections,6242855

258894,Corazón De Niño,5388669

258920,State Anthem Of The Soviet Union,285066

258920,State Anthem Of The Soviet Union,4796695

258920,State Anthem Of The Soviet Union,4901700

258920,State Anthem Of The Soviet Union,4951565

260671,Gunjou ,6605581

260671,たぶん (Tabun),6270584

260671,夜に駆ける,6212539

260671,夜に駆ける (Yoru Ni Kakeru),6419799

260671,夜に駆ける/ Racing Into The Night【ピアノ】,6810218

260671,怪物,6563367

260948,Still With You,6189429

261008,Tiny Light,5949383

262068,DAN DAN Kokoro Hikareteku (だん だん 心魅かれてく,6256214

262597,Back Door,6342655

262597,끝나지 않을 이야기,5839868

265031,Dragonspine OST No.3,6522544

265031,Forsaken Child Of Ancient Times - Genshin Impact OST,6388925

265031,Genshin Impact - Dragonspine OST,6533288

265031,Genshin Impact - Ganyu: Radiant Dreams,6582428

265031,Genshin Impact - Inazuma Miscellany,6866423

265031,Genshin Impact Main Theme,6375843

265031,Genshin Impact Main Theme,6460266

265031,Genshin Impact OST,6518182

265031,Liyue OST,6412777

265031,Moon In One's Cup,6491323

265031,Rapid As Wildfires,6376991

265031,Rapid As Wildfires,6391532

265031,Rapid As Wildfires,6443712

265031,Rex Incognito,6691198

265031,The Fading Stories (Qingce Village Night),6452262

265031,Unreleased Genshin Impact Soundtrack #15,6462389

266319,Mais Je T'aime,6253446

266934,Touch You,6428861

267208,热爱105°c的你,7093474

268348,馬鹿みたい Baka Mitai,6266322

269107,What A Wonderful World,6317909

270797,The Owl House Theme,6312901

272998,Beethoven Virus,5219357

274554,Shrek,5558265

274745,Paganiniana (Variations),6363066

276221,刻在我心底的名字 (Your Name Engraved Herein) |電影《刻在你心底的名字》主題曲| Piano Cover,6383587

278908,Dawn Winery,6383501

279207,Romantic Birthday Song No.2 In A Major,6421432

279324,Windy Hill,6422891

279663,Wake Up,6425478

280426,Fairytale Of New York,1464221

281107,Stay,6863375

284297,Chasing Kou,6491030

286292,Among Us Drip,6356257

286292,Among Us Trap Remix,6519100

286513,Take Five,5062047

286819,172 DUET,6530919

286819,172 DUET,6558218

286819,172 DUET,6565436

286819,By Your Side.,6542862

286819,Final Duet,6643957

286819,Title,6526992

286819,World's End Valentine,6548750

293493,Six's Music Box,6624747

299254,Let You Break My Heart Again,7515920

299254,Valentine,7677896

302411,Avid,6782724

302903,Nyanyanyanyanyanyanya!,50457

304218,TVA,6814123

309302,Numb Little Bug,7600697

319161,Three Variations On Happy Birthday,1240166

324132,Balada Cubana,5028773

325482,Abcdefu,7254879

328056,Toxic,7239264

328056,Toxic,7330571

333749,Solas,7835876

335267,Akuma No Ko,7395425

335267,Akuma No Ko,7431032

337820,Le Festin,5175334

338165,Golden Hour,8457389

338165,Golden Hour,8548844

338165,Golden Hour,8668713

338165,Golden Hour,8772048

338165,Golden Hour,8775498

338165,Golden Hour,9131148

338165,This Is What Falling In Love Feels Like,5960975

352040,Tada Koe Hitotsu,7805150

364872,Until I Found You,8050848

364872,Until I Found You,8610023

366837,Sunroof,8090511

375932,דנה,6804809

387017,Elevator Jam,8612264

393045,I REALLY WANT TO STAY AT YOUR HOUSE,8664423

394620,Mario Kart ,5462494

394890,Idea 10,8910036

394890,Idea 10,8988956

408554,Murders: Miracle Musical ,6710521

410445,The Pathways,6292362

411822,Wednesday Play The Cello,9144624

447430,Cupid,10367578

452182,CMP,6305471

