user_id,user
5,Nicolas
1977,Tim Roust
2018,dandra
2784,joseanderson1995silva
3422,pianoman
3471,zebulon
3541,DIM
4192,GustaveSobczak
4225,fluteguy2014
8066,Otonashi_Sep2015
9836,OpenGoldberg
10401,ericfontainejazz
12972,CFByrne
13340,MecaGuevara
15146,dukejazzy
16693,Joey von Clef
18351,musikmann
19710,ClassicMan
20196,micrologus
22591,romotony
22861,bigred20
22928,WhyPiano
23822,trumpetdude315
24069,hmscomp
29625,chronondecay
30705,Maestro Aamir
31340,Brahms
34478,melfnt
34480,gunterwindau
35348,Andre Laubner
36278,David Charlier
36563,supervoice.2
38606,cozilax
43501,techdude
44653,jozy101
48323,Botoru
48486,rui.c.sousa.1
58480,James Brigham
65436,Brian Soon
70981,noahallene
73797,PapyPiano
73972,Manel Navola
80211,spencercook
84251,Clarin Pardo
84433,jefflin555
85337,BigMcEschMac
85652,maxtor1963
86319,Francesco@58
87031,ol.ever
88585,Clarry Cahill
94521,yayforeffie
94656,emma.davey
96606,pyrobrainiac
97638,muckAp
98309,pianomimi
99401,Nakashi
101036,FakeYourDeath
101118,KeddMaster Number two
101221,SciFiDeath
101554,Johann Sebastian Bach
101812,sc90210
102261,claudia1kitty
105610,dingje
107094,lovemusic14
108151,Freebulls
110059,JuliaTheZhu
110236,Tobias Kischkel
112712,Leonambro
112740,fonsi2013
116681,Escherfan
122383,somebody6
123041,dbdcmedia
124709,Pinkpeppermint10
125146,antoine masroua
128633,AzaelN
128854,Strave
131506,Peam
135948,Dusty
142299,ThomVDM
146276,SenAndCat
147231,roi111101
147984,Kdielol
148154,bluebook83
153958,Sergio Rodriguez
155158,jojo288
158751,lucky37
159276,leopoldk
167003,rui.c.sousa.4
167019,rui.c.sousa.3
169153,Rachel1800
172647,-Ryan Clare-
173124,bruceyang1998
173585,wildpig
175193,kartikay.kumar.944
178114,erowley008
179118,Violoncellos
183803,NolanYoshi
185147,ACalderon2442
186390,pianist1998
186399,Nurukai
189765,niclas23
191208,MagicMuser
191626,vladimir_vovk
194807,BeatlePBass
200680,AppleCloud9
217216,Ashley Dawn
263346,MrMeredith
278331,Jacob.1000v
288591,rijkdw
294576,Nejakej.Honza1
358686,UltimateDeep
436826,akof
736516,Dibou
784571,denburel
871231,Hidden Under A
876296,SunBinamra2
889826,adri196
914086,Insanity383
917646,kingcrab65
918006,jordan.1210
930626,eximusic
955526,CodeNoob
982166,mino76
993251,Fluorineer
1021146,Linklea
1055536,NegR81
1066221,Toby Trickster
1092591,woodworm
1100526,Yannick Jung
1174286,Shian-An Chiou
1176981,Airik Daily
1185841,Musa √áetiner
1188116,LaurenR
1198636,SAhell
1234691,New Orleans Community Music School
1234701,Bomb and Kou Sheet Music
1235881,RrOoSsSsOo
1250481,Khatharsis
1283896,MetroidMcKay
1303646,iulian.pusca
1321251,alixtay
1337816,Iceland's Puffin
1343646,Ïú§ÏÑ±ÎØº
1367571,Happyfluteforjesus
1397281,mooing
1417101,sam027
1426001,hbain99
1444641,Mike_f
1450996,Pat2e215
1482601,eejihyee
1493481,Lutzifer
1496636,epsilon_sagittarii
1515281,philbob1309
1569821,Andrew888
1580161,–ú—É–∑—ã–∫–∞–Ω—Ç
1583866,Shazam J.
1596896,tombraider6456
1699036,Nguy·ªÖn Thanh Ho√†ng H·∫£i
1777106,Xdroid19
1784886,NoamRaanan
1801321,Pimplup
1809056,lemontart
1813301,Piano Ninja
1820131,exiled
1842796,Elena Di Guardo
1850466,SDMKitsune
1858001,Zeynep Ayta
1877771,TheListener
1881896,Solan__29
1903911,Christian Pich von Lipinski
1926581,Pascal Bendler
1982711,guillermobruno@rocketmail.com
1996426,Damon McLean
2036481,Isaac Culver
2072681,Neoguizmo
2099076,ryder4me
2114686,Xander From ZeldaRocks
2136241,epping8
2141731,Riley Apperson
2146376,Nadia Hor
2147021,Courtney Rush1
2270366,HongGyoo Kim
2372401,Dalmen
2400376,Niall Devlin
2423821,veeroonaa
2442651,Erica Humber
2445991,gracehathaway
2466621,Torby Brand
2483596,JamesE4
2497916,mikemeier@yahoo.com
2527231,Marion171
2538606,tomipang@me.com
2539321,BRO Lorenzo
2585196,Paul Hermans
2587231,platypuslloyd
2635701,realmattc
2660886,LuuBluum
2692011,Liam Hotter
2732996,Ritsh
2749876,PhilTA
2759656,elxs
2760196,tkbutt
2761041,Hemlocked
2816076,Yuri Kotov
2830596,onnikoivisto
2912581,rayfooeducation
2928311,Kazuley
2932671,ShadowTenshii
2965176,Jband
3060726,benandr
3177366,Psamtik
3191116,Firefly_1026
3197301,Raphael Roy-dumouchel
3229446,Saxy_Shane
3246816,yorkeJohn
3247031,Tyraeis
3264891,rabgaming
3270391,Islam Albakov
3348746,The_Purple_Jackalope
3349846,David Hern√°ndez1
3402766,miusic
3431936,maxmic480
3435661,Nohpets
3443166,Lag Is Seriously Real
3460576,-Kiro-
3468781,b_tatar
3473806,Pawe≈Ç Jaros≈Çaw Wi≈õniewski
3588261,U4IC
3607976,Luth13n
3631506,MysteryBanana
3636231,AEComposer
3660571,Mickael Palma
3756196,The Aristocratic Eagle
3766071,ChrisFairman
3778006,Angelina Tran
3807631,TruuMoo
3819251,The Procastination
3841881,ashxrandrugs
3851846,marchingants
3858311,Ron12Music
3887416,Clogaming
3913621,BaconAndEggs
3931406,OmarFloresSalazar
3934901,Damir 442
4000451,J. Hill Productions
4002676,travisbostick
4012561,ELDT
4052926,BigBeautifulWomp
4058086,NightmareBeforeChristmas2
4073506,Oleberntsen
4075641,Mart√≠nez Jos√©-Daniel
4129976,Jacob Stangel
4252826,ReVl27
4352541,orchestra2016
4367091,Cody Walton
4473116,Alexxandra
4596056,funte
4607586,amazingtrumpet
4609986,DimitrisG1
4622501,BenignUser
4689431,Tasos Konstantinidis
4722471,Syphor
4773516,Piano with Si
4982211,CatsLover88
4984646,TwiLordMC
4992161,jaqsworld
4994776,Mateo Bricio
5032516,MichaelPosin'
5038821,mozartandi3
5045401,Tr√∫c My
5060416,Bernard Delahaye
5060686,dj.swatch@gmail.com
5166671,Kaneki Vargas
5174461,Stoh
5282081,Medeler
5345596,Jaden Balogh
5402316,Aan Aditya Banuwarsa
5449711,williamcreamer2
5484416,-That_One_Piano-
5516291,OrliaAnn
5586346,ttblum
5606791,HeavySquare
5614011,Mos78
5651366,bassicallyanna
5715836,Andres Daniel Urzola
5738701,The Moon Child
5782081,Victoria Epton
5788271,Novelty
5852706,Martin Ka≈°par
5887471,sizimizimi
5891891,Francis_
5901961,yyaname
5950811,Dargo
5979946,Practical01
6022721,Electric Blue
6172526,Valeria Muro
6237686,jherbert
6308121,SkyRecon5000
6450771,James Gullen
6471836,EasyPiano
6480061,hecap1105
6516671,DanielBeh
6530751,Z1ggyZip
6561391,Traceurman12
6587056,krunchy
6596146,AMC123
6662591,Rodila
6725176,Samuel Ricke
6861741,matt1738
6898096,Julierme Andrade Costa Santos
6941106,Birdmd
6965226,PIEridot
6977801,PianoBoy1764
7340316,StratfordMusic
7358591,Birdpiano
7377571,willbyrd1
7428766,thelastpitchbender
7445276,fluffycats
7469986,firahfabe
7549496,Imicus
7554051,TheoA
7788266,N_Thompson_4
7789771,The Transcriber
7799631,Unchained Oblivion
7839851,KathyMikea
7866496,Zealy Fantasy
7916166,Eylul Horozoglu
7929296,Nicki_Allan
7936486,Mashibro
8009476,Diederiks
8035666,Oliver Ochsner
8080971,kush7000
8101086,FAW
8142321,Ernestoguitar
8203336,Hanniel Nefiel
8203506,Branislav Miko
8211256,Giovanni Metz
8284836,Jackson Scott Reed
8297956,TWalu
8313196,Chlorondria_I
8461831,AdalineQ1
8531996,TPIi314
8583531,animepianistnerd
8695856,Lucas Owens
8730476,alliebaster
8764571,GabeWray
8784906,H√©ctorPye
8802621,theshaunidentity
8877016,Ununnilium
8927976,SongMaker
8991661,BarbossaThePianist
9072216,maggieamelia
9141191,cvtsh248
9265496,philbob1409
9292486,PianoXML
9304111,Mateo Di Martino
9342596,p746564
9429701,Oui Bonsoir C'est Moi
9441866,cara_nguyenx
9455006,Kagami Covers
9465681,mike16000
9540291,Real Li
9646531,Jeanette Lampitoc
9749721,doctordelpino
9763941,Leon Montealegre
9811126,echvatal
9819516,Hazel Nguyen
9855156,jhyweldavies
9897556,TaqqSquid
9990191,Michelle08
10164691,Beigehere
10187571,DA830
10254256,Suspicious Link
10310621,jnmusic YT
10351886,pcazals
10361621,Rachel.Qian
10363416,Kierini
10372451,Madelyn K 2
10449696,maddiebel98
10460121,Chiyuki_snow
10461326,Johannaelvira01
10472206,ileanaxxv
10479591,Pizze
10540481,BenedictSong
10674451,White Cat
10706556,FabianBeltran
10768291,KingGordo Productions
10783116,Ewwas17
10783906,lauren.21p
10821981,Josepheroic
10831791,z1nonly
10850806,Pianology02
10919536,Jasper van Soolingen
10978856,caliko
10988366,norcuron
11061966,Phan Nh√†n (Sen)
11105406,Pedroza Murilo
11137751,alvinlee910
11238086,LilacHarmonies
11280731,Tarnegolden
11367426,Simple Piano
11452621,duplicarto
11485386,thanwa1005
11701821,Yeah Music Inc.
11780191,Preston Le
11802806,Pedro_Mendes
11808921,Helen Loveday
11940891,Francesco Gravina
11959376,Pechemelba
11976981,tyguyreeses
11977961,SpaceGuru5
11983571,Jesdrums
11989916,liam-hinzman
12134331,GriffinMichalak
12157896,Giuppi
12219371,Winthos
12252446,Lucka Viana
12287421,Will_Ross
12312731,Juan Da.
12313871,pat_at
12412501,Jaros≈Çaw Smoli≈Ñski
12414166,the marcus
12461571,emmy langevin
12540061,PianoCantor
12541316,Alphysans
12572221,safarve
12626271,Eliza_Fizzy
12677026,C.M
12747341,√Ångela Sof√≠a √Ålvarez Rocha
12890406,Jansson
12986606,Kath4455
12999701,AndrewElvisDeng
13033246,OpenScore
13054041,Kennudemz
13090526,amykieran
13139546,Joran van Poppelen
13232416,Anton Gerland
13242126,AaronGrooves
13272221,JMPastis
13313581,CHJC
13407011,joseph spade
13435686,PaperNick
13502736,Quasi Cantando
13530561,Kent Kawamura
13543696,matikavi11869
13638056,dundeepiano
13712606,Tylando
13854701,Yanb57479
13881501,lzeeji
13887436,CH Jeong
13912781,zyoshoka
13928771,andrewking2487@gmail.com
13934766,Cosmata
13949386,musicosa
14138196,paulinaluzia
14152056,Joshua Hall
14160696,Soul Kenji 2
14364061,Alex O-G
14484256,Lee Cheolho
14636076,myee89
14645876,msullivan1
14707361,Minh_Cuteee
14940711,FreshMarvin
14943671,–í–∞–Ω—è –õ–æ–≥–æ—à
14953566,ConnieBoggs
14956641,H.harukas
15279706,arissira04
15293341,Heavilon
15399686,LegitPotato26
15453381,Carl J.
15813181,Matthew_Makes_Music
15866106,minedavid_89
16006641,PianoChannel
16033531,Cephalon Blue
16112556,Hyeon Kim
16267036,Jerina Engel
16296656,ZakuraMusic üå∏
16677586,tonyenerson
16691541,Jelle De Vos
16878501,Alexandre Lagoutte
16938116,bluegreenteal
17034876,aspenite
17078061,Ali Y√ºklet
17349061,Andrew Weaver
17349251,kurzweil7
17373986,Ector4143
17431106,Mr_MusicGuy
17561866,stelzhamer
17724821,Anne Tooming
17803506,Tijmen van der Looij 2nd
17815916,violayk
17825801,shisui
17846531,GfuySRuR
17859686,KCDC String Quartet
17970466,Jame Day
17971866,Edward Sharp
18195161,yayayay@chris
18331246,ACapriccio
18355136,BAESTION
18525816,BobaFett300
18595666,Felix Altenburg
18619471,Aaron Carrette
18625336,hersanderie
18639271,Luis Gamez 2
18666761,Taiwanzygarde
18745231,derykfrank
18938226,Simon G
18946026,toquyen28
19027351,Anders Thue
19233641,David_Dinh
19238606,DOYWANG
19397021,Leah Tousignant
19465036,mlololoer
19526251,Timothy Choi
19527731,A Breath Away
19840951,RexRisus
19935851,Wesley2712
19985216,Flupfian
19991161,Aeralix
20208436,jeronjoseph
20238516,TopazChaz
20360426,SomePianoMusicDude33
20426336,PianoMaster Youtube
20471816,Koekenbakker
20600931,Lylob
20658856,trannathan
20684646,Ido Nachlieli
20708476,summerpenguin12
20776961,kuliio
20809676,Chlorondria_II
20812546,SnapEasy
20827041,mckayfackrell
20941876,brickboy2x2
20957031,AprilDesy
21053026,gl52
21096866,topiskun
21273261,Scarred Wolf
21529361,referee111-7
21640316,snekmuffin
21769911,Flordo
21965011,musicgllover
22040671,qbrothers21
22095396,KyokoTS
22137941,Piano_Harmonist
22164356,Babak_G
22164946,JustisB
22249306,tonic64
22522831,honey_piano
22570626,ZaneChihuahua
22574601,ÍπÄÌÉúÎ™Ö
22871016,T@rtiflette
23022316,Tadahiro
23322116,Alolamao
23542331,kind of Dvo≈ô√°k
23567011,miggysiozoniii
23840281,Franklin Ho√†ng
24102736,DefinitelyNotRoger
24111021,Pethros56
24335356,Daansch
24356561,flheight
24361621,Camille Reynders
24625996,AmiAll - Piano Sheet
24646521,LjMario007
24655541,nutsobrain
24701816,SvetlanaZemlyanaya
24716841,Hoertie
24865396,Onakaru
24945286,lukas123731
24950681,jaboo.beaples
25133991,Logan0156
25360561,isomnia
25485376,valentina.kg@online.de
25721336,April Brown Fleming
25809721,thedawnofcrystals
25833366,Conservatorio Almendralejo
25919571,Adele_1
25985731,voyager190100
26067266,raym0nd
26089141,Lightning_guard
26205161,Traciges
26399046,Elen Glimois
26643386,Chlorondria_V
26787290,Music Loving
26830520,Classic King
26844811,logan.rose
26874349,Manfre17
26887312,Neckiy
26891801,Dragunova
26893158,PenguinComposer
26930991,GuestinPiano
26933991,CarBouw327
26944440,Joe DeAngelo
26982750,carmpulupa
27024618,jogisd
27031510,colorsofsound1
27050094,ATN Bear-Long
27050692,RickyZ
27060957,Jst_music
27114623,paddy_writes
27116617,akartika
27148279,nguyendynasty
27167696,nicow
27198060,Rafa≈ÇBienias1
27303015,Danyman
27338264,24ReadyBill
27374975,syd_the_kyd
27379520,HM29
27387486,harbas
27397057,ffkammer
27398678,Ludwig van Koopa
27439477,ewest_1612
27470732,VeeraMatilda
27477927,Anthony Loma
27497450,Inflixer
27524722,Axel Alvarenga
27560846,Jaime Arturo 
27657013,John German
27668347,gabrielfo
27687306,WildMojarras
27754159,Shio.Piano
27824718,Nael_G
27827686,Astrotron
27892490,jmcg07
27901018,anthenius
28029972,angus_dillon
28089039,Rafa≈ÇBienias2
28092588,ZachSussman
28093693,Adrienn Nov√°k
28106636,Grift-06
28115636,Gerardo Medina 3
28149610,Daisy Phan
28307936,Lars Ulrich
28322913,Steve Vowles
28416909,SadieKing27
28488725,Musikscores
28543103,JBD420
28543592,faithehackett
28550017,cabruce1
28578921,Cuileen
28597252,ThisJustIn01
28625575,Hannah Acheson
28640190,sophiejoslin1
28645343,katie.makarenko
28698337,EbruTezcan Ketenci
28763509,B-ronBrown
28787341,MusicaLord
28842914,yonah_ag
28857438,punctuationless
28953060,Isai Ethan Composer
28954080,sim10
28966982,Pi_1
29006314,Tom Romain
29040808,IOND
29058184,Nathan Mouveaux
29095091,Braden Rosengren
29111008,Martha Loan
29193756,Piano Moonlight
29214180,nreardon43
29234930,ÌïúÏö©ÏßÑ
29244878,lilian.ann.423
29304314,No_Name25
29305734,Toby Kolos
29313111,Yvonka
29491146,FiveTD
29530612,CLs Music
29551349,hastiesf
29552658,John Littler
29610820,Tu·∫ßn Ch√¢u
29624748,ILoCH
29649127,classicsclub1st
29692794,YoyoYoongles
29694325,bigmath1
29700860,lukassteinwan1
29754108,sivu
29792698,JohnnyCologne
29805378,Mr_SuShin
29865899,"Milan3,1415"
29926531,Kuschy
29954151,younn9703
29997099,A_Random_Phoenix
30123778,KitsuneMelodies
30382151,BambooOnFire's Music Lab
30386504,ThiagoFQS
30418467,Dajeda
30457861,black258br
30473954,Covid Tennant
30487624,Elaine Kelkel
30513480,RottonMangos
30551802,tanyaaaaa
30667655,1G0RT30D0R0 
30757211,Kamil Kminkowski
30782774,Iain Griesdale
30871821,REDSAUCE-
30884523,Kevin_Tran99
30892962,violinworker
30951925,willdsc
31031367,Hayden Shevokas
31132549,LilRoo
31196819,JSBV1999
31250318,bread.hub
31423751,Dennis Kovalev
31472096,Izz Hafeez
31477143,jeffrey.kwong
31746001,emilianoercoli
31781790,Flynn Parker Piano
31902283,checker.by
31949738,greaterdogque1
32009255,K Kobayashi
32057322,nicobenner
32087189,Lucas.Bolognesi
32106469,DanMurray
32136986,F.I.R.E.
32167421,Charles Foster Kane
32261110,prometheus2.0
32393438,mustafaemirka
32445189,Smim.it
32501159,n4tou69
32596742,Foreverw1ng
32615020,juliepinter
32809872,Mr. POP
32812323,Amanda Sze
32893664,Twigsters
32906016,benjamindavid
32920270,Night_master
33031220,magdabaraczka
33379492,Pengolodh
33397673,IRELIN
33440476,luludavo
33448239,rooichi
33451629,Taekook Music
33456523,asiatomax
33470610,FinnStrike
33574620,idallen
33605901,XiaoMigros
33723049,washtubs
33739338,dump.ground
33801712,perfecteasypi
33824437,samkzy
33859311,Robin Appelqvist
33953902,giraldojorge1
34307372,chyuu_
34340087,quanpiano129
34364496,salmonghoul
34406772,peterp04scl
34538551,sethbarraclough
34602227,Free MusicKey
34759039,unnamed boi
34899578,onpiano11
35006171,itsrionnn
35023245,Piplupsicle
35046044,mili_3
35088450,maggggoooooo
35272338,rbalieiro
35434936,earlfausto
35460555,Erthoven
35600168,elpianodemarco
35704259,DominiqueMakowski
35774806,lilacseal
35843650,INF3RNO
35873770,serpasc
35875351,Redd_AG
35890367,hguywtmc555
35910446,k33mf2mjgd
35914165,lveazypiano
36032652,rodrigolsp10
36070839,Mr. Arranger Man
36115541,xZeron
36272010,Kucia Piano
36306042,Joan.cpln
36472524,birgerjuno05
36483102,2taruhi
36838584,„Åì„ÇÑ„Åê
36913242,bd604
37231457,nootstudio
37309912,reyesjuandavi
37564542,Kuppa
37709555,Robert_CHOU
37716012,zhangyiyy32
38744404,pizzacito
38861570,Piano Porg
39385785,shawnshawnshawn
39593115,Official Author
41213079,macie3kgames
54797562,ChungusBob
